SMILES,Name,CID,InChI,IUPAC,Status,Source
[Cd],Cadmium,23973,1S/Cd,cadmium,0,https://academic.oup.com/toxsci/article/105/1/119/1664490
[Hg]C.[Hg]C,Methylmercury,157337936,1S/2CH3.2Hg/h2*1H3;;,methylmercury,0,https://cfpub.epa.gov/si/si_public_record_report.cfm?Lab=NHEERL&dirEntryId=241232
[O-]C(=O)C(c1cccc(c1)Oc1ccccc1)C.[O-]C(=O)C(c1cccc(c1)Oc1ccccc1)C.O.O.[Ca+2],Fenoprofen calcium,64747,"1S/2C15H14O3.Ca.2H2O/c2*1-11(15(16)17)12-6-5-9-14(10-12)18-13-7-3-2-4-8-13;;;/h2*2-11H,1H3,(H,16,17);;2*1H2/q;;+2;;/p-2",calcium;2-(3-phenoxyphenyl)propanoate;dihydrate,1,https://link.springer.com/article/10.1007/s13238-021-00872-5#Sec2
[Pb],Lead,5352425,1S/Pb,lead,0,https://academic.oup.com/toxsci/article/105/1/119/1664490
Br/C=C/c1cn([C@H]2C[C@@H]([C@H](O2)CO)O)c(=O)[nH]c1=O,Brivudine,446727,"1S/C11H13BrN2O5/c12-2-1-6-4-14(11(18)13-10(6)17)9-3-7(16)8(5-15)19-9/h1-2,4,7-9,15-16H,3,5H2,(H,13,17,18)/b2-1+/t7-,8+,9+/m0/s1","5-[(E)-2-bromoethenyl]-1-[(2R,4S,5R)-4-hydroxy-5-(hydroxymethyl)oxolan-2-yl]pyrimidine-2,4-dione",1,https://link.springer.com/article/10.1007/s13238-021-00872-5#Sec2
BrCCC(=O)N1CCN(CC1)C(=O)CCBr,Pipobroman,4842,1S/C10H16Br2N2O2/c11-3-1-9(15)13-5-7-14(8-6-13)10(16)2-4-12/h1-8H2,3-bromo-1-[4-(3-bromopropanoyl)piperazin-1-yl]propan-1-one,0,https://www.selleckchem.com/
C[C@@H](Cc1ccccc1)N,Dextroamphetamine,5826,"1S/C9H13N/c1-8(10)7-9-5-3-2-4-6-9/h2-6,8H,7,10H2,1H3/t8-/m0/s1",(2S)-1-phenylpropan-2-amine,0,https://academic.oup.com/toxsci/article/105/1/119/1664490
C[C@@H]1CC[C@]2([C@@H]([C@H]1C)C1=CC[C@H]3[C@@]([C@@]1(CC2)C)(C)CC[C@@H]1[C@]3(C)C[C@@H](O)[C@@H](C1(C)C)O)C(=O)O,Corosolic acid,6918774,"1S/C30H48O4/c1-17-10-13-30(25(33)34)15-14-28(6)19(23(30)18(17)2)8-9-22-27(5)16-20(31)24(32)26(3,4)21(27)11-12-29(22,28)7/h8,17-18,20-24,31-32H,9-16H2,1-7H3,(H,33,34)/t17-,18+,20-,21+,22-,23+,24+,27+,28-,29-,30+/m1/s1","(1S,2R,4aS,6aR,6aS,6bR,8aR,10R,11R,12aR,14bS)-10,11-dihydroxy-1,2,6a,6b,9,9,12a-heptamethyl-2,3,4,5,6,6a,7,8,8a,10,11,12,13,14b-tetradecahydro-1H-picene-4a-carboxylic acid",0,https://www.selleckchem.com/
C[C@@H]1COCCN1c1cc(c2ccnn2C)c2c(n1)c(ncc2)c1ccn[nH]1,Elimusertib,118869362,"1S/C20H21N7O/c1-13-12-28-10-9-27(13)18-11-15(17-5-8-23-26(17)2)14-3-6-21-20(19(14)24-18)16-4-7-22-25-16/h3-8,11,13H,9-10,12H2,1-2H3,(H,22,25)/t13-/m1/s1","(3R)-3-methyl-4-[4-(2-methylpyrazol-3-yl)-8-(1H-pyrazol-5-yl)-1,7-naphthyridin-2-yl]morpholine",0,https://www.selleckchem.com/
C[C@H](C1CCC(CC1)C(=O)Nc1ccncc1)N,Y-27632 dihydrochloride,448042,"1S/C14H21N3O/c1-10(15)11-2-4-12(5-3-11)14(18)17-13-6-8-16-9-7-13/h6-12H,2-5,15H2,1H3,(H,16,17,18)/t10-,11?,12?/m1/s1",4-[(1R)-1-aminoethyl]-N-pyridin-4-ylcyclohexane-1-carboxamide,1,https://pubmed.ncbi.nlm.nih.gov/22929997/
C[C@H]1[C@H](NC(=O)/C(=N\OC(C(=O)O)(C)C)/c2csc(n2)N)C(=O)N1S(=O)(=O)O,Azactam,5742832,"1S/C13H17N5O8S2/c1-5-7(10(20)18(5)28(23,24)25)16-9(19)8(6-4-27-12(14)15-6)17-26-13(2,3)11(21)22/h4-5,7H,1-3H3,(H2,14,15)(H,16,19)(H,21,22)(H,23,24,25)/b17-8-/t5-,7-/m0/s1","2-[(Z)-[1-(2-amino-1,3-thiazol-4-yl)-2-[[(2S,3S)-2-methyl-4-oxo-1-sulfoazetidin-3-yl]amino]-2-oxoethylidene]amino]oxy-2-methylpropanoic acid",1,https://link.springer.com/article/10.1007/s13238-021-00872-5#Sec2
C[C@H]1CNC(=O)c2cnn3c2nc2N(Cc4c(O1)ncc(c4)F)[C@@H]1CCC[C@@H]1Oc2c3,Unii-F6evk907XR,146662764,"1S/C21H21FN6O3/c1-11-6-23-20(29)14-8-25-28-10-17-19(26-18(14)28)27(15-3-2-4-16(15)31-17)9-12-5-13(22)7-24-21(12)30-11/h5,7-8,10-11,15-16H,2-4,6,9H2,1H3,(H,23,29)/t11-,15+,16-/m0/s1","(3S,7R,17S)-12-fluoro-17-methyl-2,16-dioxa-8,14,19,23,24,26-hexazahexacyclo[22.3.1.03,7.08,27.010,15.021,25]octacosa-1(28),10(15),11,13,21(25),22,26-heptaen-20-one",0,https://www.selleckchem.com/
C[C@H]1OC(=O)c2c(C1)c(Cl)cc(c2O)C(=O)N[C@H](C(=O)O)Cc1ccccc1,Ochratoxin A,442530,"1S/C20H18ClNO6/c1-10-7-12-14(21)9-13(17(23)16(12)20(27)28-10)18(24)22-15(19(25)26)8-11-5-3-2-4-6-11/h2-6,9-10,15,23H,7-8H2,1H3,(H,22,24)(H,25,26)/t10-,15+/m1/s1","(2S)-2-[[(3R)-5-chloro-8-hydroxy-3-methyl-1-oxo-3,4-dihydroisochromene-7-carbonyl]amino]-3-phenylpropanoic acid",0,https://academic.oup.com/toxsci/article/105/1/119/1664490
C[Hg]Cl,Methylmercury(1+);chloride,8253,1S/CH3.ClH.Hg/h1H3;1H;/q;;+1/p-1,methylmercury(1+);chloride,0,https://academic.oup.com/toxsci/article/105/1/119/1664490
C[Se]CCC(C(=O)O)N,Selenomethionine,15103,"1S/C5H11NO2Se/c1-9-3-2-4(6)5(7)8/h4H,2-3,6H2,1H3,(H,7,8)",2-amino-4-methylselanylbutanoic acid,1,https://pubmed.ncbi.nlm.nih.gov/21183028/
C/C(=C\C=C\C=C(\C=C\C=C(\C=C\C1=C(C)C(=O)[C@H](CC1(C)C)O)/C)/C)/C=C/C=C(/C=C/C1=C(C)C(=O)[C@H](CC1(C)C)O)\C,Astaxanthin,5281224,"1S/C40H52O4/c1-27(17-13-19-29(3)21-23-33-31(5)37(43)35(41)25-39(33,7)8)15-11-12-16-28(2)18-14-20-30(4)22-24-34-32(6)38(44)36(42)26-40(34,9)10/h11-24,35-36,41-42H,25-26H2,1-10H3/b12-11+,17-13+,18-14+,23-21+,24-22+,27-15+,28-16+,29-19+,30-20+/t35-,36-/m0/s1","(6S)-6-hydroxy-3-[(1E,3E,5E,7E,9E,11E,13E,15E,17E)-18-[(4S)-4-hydroxy-2,6,6-trimethyl-3-oxocyclohexen-1-yl]-3,7,12,16-tetramethyloctadeca-1,3,5,7,9,11,13,15,17-nonaenyl]-2,4,4-trimethylcyclohex-2-en-1-one",0,https://www.selleckchem.com/
C/C=C/C[C@H]([C@H]([C@H]1C(=O)N[C@@H](CC)C(=O)N(C)CC(=O)N(C)[C@@H](CC(C)C)C(=O)N[C@@H](C(C)C)C(=O)N(C)[C@@H](CC(C)C)C(=O)N[C@H](C(=O)N[C@@H](C(=O)N([C@H](C(=O)N([C@H](C(=O)N([C@H](C(=O)N1C)C(C)C)C)CC(C)C)C)CC(C)C)C)C)C)O)C,cyclosporin A,5284373,"1S/C62H111N11O12/c1-25-27-28-40(15)52(75)51-56(79)65-43(26-2)58(81)67(18)33-48(74)68(19)44(29-34(3)4)55(78)66-49(38(11)12)61(84)69(20)45(30-35(5)6)54(77)63-41(16)53(76)64-42(17)57(80)70(21)46(31-36(7)8)59(82)71(22)47(32-37(9)10)60(83)72(23)50(39(13)14)62(85)73(51)24/h25,27,34-47,49-52,75H,26,28-33H2,1-24H3,(H,63,77)(H,64,76)(H,65,79)(H,66,78)/b27-25+/t40-,41+,42-,43+,44+,45+,46+,47+,49+,50+,51+,52-/m1/s1","(3S,6S,9S,12R,15S,18S,21S,24S,30S,33S)-30-ethyl-33-[(E,1R,2R)-1-hydroxy-2-methylhex-4-enyl]-1,4,7,10,12,15,19,25,28-nonamethyl-6,9,18,24-tetrakis(2-methylpropyl)-3,21-di(propan-2-yl)-1,4,7,10,13,16,19,22,25,28,31-undecazacyclotritriacontane-2,5,8,11,14,17,20,23,26,29,32-undecone",1,https://pubmed.ncbi.nlm.nih.gov/24823913/
C#Cc1cccc(c1)Nc1ncnc2c1cc1OCCOCCOCCOc1c2,Icotinib,22024915,"1S/C22H21N3O4/c1-2-16-4-3-5-17(12-16)25-22-18-13-20-21(14-19(18)23-15-24-22)29-11-9-27-7-6-26-8-10-28-20/h1,3-5,12-15H,6-11H2,(H,23,24,25)","N-(3-ethynylphenyl)-2,5,8,11-tetraoxa-15,17-diazatricyclo[10.8.0.014,19]icosa-1(12),13,15,17,19-pentaen-18-amine",1,https://link.springer.com/article/10.1007/s13238-021-00872-5#Sec2
C=C[C@]1(C)CC[C@H](C[C@H]1C(=C)C)C(=C)C,beta-Elemene,6918391,"1S/C15H24/c1-7-15(6)9-8-13(11(2)3)10-14(15)12(4)5/h7,13-14H,1-2,4,8-10H2,3,5-6H3/t13-,14+,15-/m1/s1","(1S,2S,4R)-1-ethenyl-1-methyl-2,4-bis(prop-1-en-2-yl)cyclohexane",1,https://www.selleckchem.com/
C=CCOC(c1ccc(cc1Cl)Cl)Cn1cncc1,Enilconazole,37175,"1S/C14H14Cl2N2O/c1-2-7-19-14(9-18-6-5-17-10-18)12-4-3-11(15)8-13(12)16/h2-6,8,10,14H,1,7,9H2","1-[2-(2,4-dichlorophenyl)-2-prop-2-enoxyethyl]imidazole",1,https://pubmed.ncbi.nlm.nih.gov/29973476/
c1ccccc1,Benzene,241,1S/C6H6/c1-2-4-6-5-3-1/h1-6H,benzene,1,https://pubmed.ncbi.nlm.nih.gov/27853917/
C1CNCCN(CCCNCCNC1)Cc1ccc(cc1)CN1CCNCCCNCCNCCC1,Plerixafor,65015,"1S/C28H54N8/c1-9-29-15-17-31-13-3-21-35(23-19-33-11-1)25-27-5-7-28(8-6-27)26-36-22-4-14-32-18-16-30-10-2-12-34-20-24-36/h5-8,29-34H,1-4,9-26H2","1-[[4-(1,4,8,11-tetrazacyclotetradec-1-ylmethyl)phenyl]methyl]-1,4,8,11-tetrazacyclotetradecane",1,https://link.springer.com/article/10.1007/s13238-021-00872-5#Sec2
c1csc(n1)c1c[nH]c2c1cccc2,Camalexin,636970,"1S/C11H8N2S/c1-2-4-10-8(3-1)9(7-13-10)11-12-5-6-14-11/h1-7,13H","2-(1H-indol-3-yl)-1,3-thiazole",0,https://www.selleckchem.com/
CC(=O)C1C(=O)C=C2C(C1=O)(C)c1c(O)c(C)c(c(c1O2)C(=O)C)O,Usnic acid,5646,"1S/C18H16O7/c1-6-14(22)12(8(3)20)16-13(15(6)23)18(4)10(25-16)5-9(21)11(7(2)19)17(18)24/h5,11,22-23H,1-4H3","2,6-diacetyl-7,9-dihydroxy-8,9b-dimethyldibenzofuran-1,3-dione",0,https://www.selleckchem.com/
CC(=O)N[C@@H]1C[C@@H](CC[C@@H]1N1CC[C@@H](C1=O)Nc1ncnc2n1nc(c2)C(C)(C)C)NC(C)(C)C,BMS 813160-Bio-X,51039119,"1S/C25H40N8O2/c1-15(34)28-18-12-16(30-25(5,6)7)8-9-19(18)32-11-10-17(22(32)35)29-23-27-14-26-21-13-20(24(2,3)4)31-33(21)23/h13-14,16-19,30H,8-12H2,1-7H3,(H,28,34)(H,26,27,29)/t16-,17+,18-,19+/m1/s1","N-[(1R,2S,5R)-5-(tert-butylamino)-2-[(3S)-3-[(7-tert-butylpyrazolo[1,5-a][1,3,5]triazin-4-yl)amino]-2-oxopyrrolidin-1-yl]cyclohexyl]acetamide",1,https://www.selleckchem.com/
CC(=O)O[C@]1(C(=O)C)C(=C)C[C@@H]2[C@]1(C)CC[C@H]1[C@H]2CCC2=CC(=O)CC[C@H]12,Nestorone,108059,"1S/C23H30O4/c1-13-11-21-20-7-5-16-12-17(26)6-8-18(16)19(20)9-10-22(21,4)23(13,14(2)24)27-15(3)25/h12,18-21H,1,5-11H2,2-4H3/t18-,19+,20+,21-,22-,23-/m0/s1","[(8R,9S,10R,13S,14S,17R)-17-acetyl-13-methyl-16-methylidene-3-oxo-2,6,7,8,9,10,11,12,14,15-decahydro-1H-cyclopenta[a]phenanthren-17-yl] acetate",1,https://pubmed.ncbi.nlm.nih.gov/29846284/
CC(=O)Oc1ccccc1C(=O)O,Aspirin,2244,"1S/C9H8O4/c1-6(10)13-8-5-3-2-4-7(8)9(11)12/h2-5H,1H3,(H,11,12)",2-acetyloxybenzoic acid,1,https://link.springer.com/article/10.1007/s13238-021-00872-5#Sec2
CC(=O)OCC(=O)[C@@]12N=C(O[C@@H]1C[C@@H]1[C@]2(C)C[C@H](O)[C@H]2[C@H]1CCC1=CC(=O)C=C[C@]21C)C,Deflazacort,189821,"1S/C25H31NO6/c1-13-26-25(20(30)12-31-14(2)27)21(32-13)10-18-17-6-5-15-9-16(28)7-8-23(15,3)22(17)19(29)11-24(18,25)4/h7-9,17-19,21-22,29H,5-6,10-12H2,1-4H3/t17-,18-,19-,21+,22+,23-,24-,25+/m0/s1","[2-[(1S,2S,4R,8S,9S,11S,12S,13R)-11-hydroxy-6,9,13-trimethyl-16-oxo-5-oxa-7-azapentacyclo[10.8.0.02,9.04,8.013,18]icosa-6,14,17-trien-8-yl]-2-oxoethyl] acetate",1,https://link.springer.com/article/10.1007/s13238-021-00872-5#Sec2
CC(=O)OCC[N+](C)(C)C,Acetylcholine,187,"1S/C7H16NO2/c1-7(9)10-6-5-8(2,3)4/h5-6H2,1-4H3/q+1",2-acetyloxyethyl(trimethyl)azanium,1,https://pubmed.ncbi.nlm.nih.gov/26049030/
CC(CCC[C@H]([C@H]1CC[C@@H]2[C@]1(C)CCC/C/2=C\C=C/1\C[C@@H](O)C[C@@H](C1=C)O)C)C,Alfacalcidol,5282181,"1S/C27H44O2/c1-18(2)8-6-9-19(3)24-13-14-25-21(10-7-15-27(24,25)5)11-12-22-16-23(28)17-26(29)20(22)4/h11-12,18-19,23-26,28-29H,4,6-10,13-17H2,1-3,5H3/b21-11+,22-12-/t19-,23-,24-,25+,26+,27-/m1/s1","(1R,3S,5Z)-5-[(2E)-2-[(1R,3aS,7aR)-7a-methyl-1-[(2R)-6-methylheptan-2-yl]-2,3,3a,5,6,7-hexahydro-1H-inden-4-ylidene]ethylidene]-4-methylidenecyclohexane-1,3-diol",1,https://link.springer.com/article/10.1007/s13238-021-00872-5#Sec2
CC[C@@H]([C@@H](C(=O)N[C@H](C(=O)N1CCC[C@H]1C(=O)N[C@H](C(=O)O)Cc1ccccc1)Cc1[nH]cnc1)NC(=O)[C@@H](NC(=O)[C@H](C(C)C)NC(=O)[C@@H](NC(=O)[C@H](CC(=O)O)N)CCCN=C(N)N)Cc1ccc(cc1)O)C,Angiotensin II,172198,"1S/C50H71N13O12/c1-5-28(4)41(47(72)59-36(23-31-25-54-26-56-31)48(73)63-20-10-14-38(63)45(70)60-37(49(74)75)22-29-11-7-6-8-12-29)62-44(69)35(21-30-15-17-32(64)18-16-30)58-46(71)40(27(2)3)61-43(68)34(13-9-19-55-50(52)53)57-42(67)33(51)24-39(65)66/h6-8,11-12,15-18,25-28,33-38,40-41,64H,5,9-10,13-14,19-24,51H2,1-4H3,(H,54,56)(H,57,67)(H,58,71)(H,59,72)(H,60,70)(H,61,68)(H,62,69)(H,65,66)(H,74,75)(H4,52,53,55)/t28-,33-,34-,35-,36-,37-,38-,40-,41-/m0/s1","(3S)-3-amino-4-[[(2S)-1-[[(2S)-1-[[(2S)-1-[[(2S,3S)-1-[[(2S)-1-[(2S)-2-[[(1S)-1-carboxy-2-phenylethyl]carbamoyl]pyrrolidin-1-yl]-3-(1H-imidazol-5-yl)-1-oxopropan-2-yl]amino]-3-methyl-1-oxopentan-2-yl]amino]-3-(4-hydroxyphenyl)-1-oxopropan-2-yl]amino]-3-methyl-1-oxobutan-2-yl]amino]-5-(diaminomethylideneamino)-1-oxopentan-2-yl]amino]-4-oxobutanoic acid",1,https://pubmed.ncbi.nlm.nih.gov/32969473/
CC1=CC(=O)c2c(C1=O)cccc2O,Plumbagin,10205,"1S/C11H8O3/c1-6-5-9(13)10-7(11(6)14)3-2-4-8(10)12/h2-5,12H,1H3","5-hydroxy-2-methylnaphthalene-1,4-dione",0,https://www.selleckchem.com/
CC1=CC[C@@]23[C@@](CC1)(OC(=O)C)[C@@H](CC2)[C@@](OC3=O)(C)/C=C/C=C(/C(=O)O)\C,Pseudolaric acid A,6436278,"1S/C22H28O6/c1-14-7-11-21-12-9-17(22(21,13-8-14)27-16(3)23)20(4,28-19(21)26)10-5-6-15(2)18(24)25/h5-7,10,17H,8-9,11-13H2,1-4H3,(H,24,25)/b10-5+,15-6+/t17-,20+,21+,22-/m0/s1","(2E,4E)-5-[(1R,7S,8S,9R)-7-acetyloxy-4,9-dimethyl-11-oxo-10-oxatricyclo[6.3.2.01,7]tridec-3-en-9-yl]-2-methylpenta-2,4-dienoic acid",0,https://www.selleckchem.com/
CC1=CCC(C)(C)C=CC(=O)C(=CCC1)C,"2,6,9,9-Tetramethylcycloundeca-2,6,10-trien-1-one",5725,"1S/C15H22O/c1-12-6-5-7-13(2)14(16)9-11-15(3,4)10-8-12/h7-9,11H,5-6,10H2,1-4H3","2,6,9,9-tetramethylcycloundeca-2,6,10-trien-1-one",0,https://www.selleckchem.com/
Cc1cc2c([nH]1)ccc(c2)Nc1ccnc(n1)Nc1ccc2c(c1)cc([nH]2)C,"2-N,4-N-bis(2-methyl-1H-indol-5-yl)pyrimidine-2,4-diamine",25104141,"1S/C22H20N6/c1-13-9-15-11-17(3-5-19(15)24-13)26-21-7-8-23-22(28-21)27-18-4-6-20-16(12-18)10-14(2)25-20/h3-12,24-25H,1-2H3,(H2,23,26,27,28)","2-N,4-N-bis(2-methyl-1H-indol-5-yl)pyrimidine-2,4-diamine",0,https://www.selleckchem.com/
Cc1ccc(cc1c1ccc2c(c1)cnc(n2)NCCN1CCOCC1)C(=O)Nc1cccc(c1)C(F)(F)F,4-methyl-3-(2-((2-morpholinoethyl)amino)quinazolin-6-yl)-N-(3-(trifluoromethyl)phenyl)benzamide,16086114,"1S/C29H28F3N5O2/c1-19-5-6-21(27(38)35-24-4-2-3-23(17-24)29(30,31)32)16-25(19)20-7-8-26-22(15-20)18-34-28(36-26)33-9-10-37-11-13-39-14-12-37/h2-8,15-18H,9-14H2,1H3,(H,35,38)(H,33,34,36)",4-methyl-3-[2-(2-morpholin-4-ylethylamino)quinazolin-6-yl]-N-[3-(trifluoromethyl)phenyl]benzamide,0,https://www.selleckchem.com/
Cc1ccc2c(c1)[nH]c(n2)CN(Cc1nc2c([nH]1)cc(cc2)C)CCN(Cc1nc2c([nH]1)cc(cc2)C)Cc1nc2c([nH]1)cc(cc2)C,"N,N,N',N'-tetrakis[(6-methyl-1H-benzimidazol-2-yl)methyl]ethane-1,2-diamine",335974,"1S/C38H40N10/c1-23-5-9-27-31(15-23)43-35(39-27)19-47(20-36-40-28-10-6-24(2)16-32(28)44-36)13-14-48(21-37-41-29-11-7-25(3)17-33(29)45-37)22-38-42-30-12-8-26(4)18-34(30)46-38/h5-12,15-18H,13-14,19-22H2,1-4H3,(H,39,43)(H,40,44)(H,41,45)(H,42,46)","N,N,N',N'-tetrakis[(6-methyl-1H-benzimidazol-2-yl)methyl]ethane-1,2-diamine",1,https://www.selleckchem.com/
CC1NNC(C1)Nc1nn(c2ccccc2)c(=O)c2c1cccc2,Phthalazinone pyrazole,73042967,"1S/C18H19N5O/c1-12-11-16(21-20-12)19-17-14-9-5-6-10-15(14)18(24)23(22-17)13-7-3-2-4-8-13/h2-10,12,16,20-21H,11H2,1H3,(H,19,22)",4-[(5-methylpyrazolidin-3-yl)amino]-2-phenylphthalazin-1-one,0,https://www.selleckchem.com/
Cc1onc(c1c1cc2[nH]c(nc2c(c1)C(c1ccccn1)(c1ccccn1)O)C1CC1)C,Alobresib,86281210,"1S/C26H23N5O2/c1-15-23(16(2)33-31-15)18-13-19(24-20(14-18)29-25(30-24)17-9-10-17)26(32,21-7-3-5-11-27-21)22-8-4-6-12-28-22/h3-8,11-14,17,32H,9-10H2,1-2H3,(H,29,30)","[2-cyclopropyl-6-(3,5-dimethyl-1,2-oxazol-4-yl)-1H-benzimidazol-4-yl]-dipyridin-2-ylmethanol",0,https://www.selleckchem.com/
Cc1sc(nc1C)[n+]1nc(nn1c1ccccc1)c1ccccc1.[Br-],Thiazolyl blue,64965,"1S/C18H16N5S.BrH/c1-13-14(2)24-18(19-13)23-21-17(15-9-5-3-6-10-15)20-22(23)16-11-7-4-8-12-16;/h3-12H,1-2H3;1H/q+1;/p-1","2-(3,5-diphenyltetrazol-2-ium-2-yl)-4,5-dimethyl-1,3-thiazole;bromide",0,https://www.selleckchem.com/
CCC/C=C/1\OC(=O)c2c1cccc2,3-Butylidenephthalide,642376,"1S/C12H12O2/c1-2-3-8-11-9-6-4-5-7-10(9)12(13)14-11/h4-8H,2-3H2,1H3/b11-8-",(3Z)-3-butylidene-2-benzofuran-1-one,0,https://www.selleckchem.com/
CCC1(C(=O)NC(=O)NC1=O)c1ccccc1,Phenobarbital,4763,"1S/C12H12N2O3/c1-2-12(8-6-4-3-5-7-8)9(15)13-11(17)14-10(12)16/h3-7H,2H2,1H3,(H2,13,14,15,16,17)","5-ethyl-5-phenyl-1,3-diazinane-2,4,6-trione",1,https://pubmed.ncbi.nlm.nih.gov/29716964/
CCCc1cc(C)[nH]c(=O)c1CNC(=O)c1cc(cc2c1cnn2C(C)C)c1ccc(nc1)N1CCN(CC1)C(C)C,N-[(6-methyl-2-oxo-4-propyl-1H-pyridin-3-yl)methyl]-1-propan-2-yl-6-[6-(4-propan-2-ylpiperazin-1-yl)pyridin-3-yl]indazole-4-carboxamide,72551585,"1S/C33H43N7O2/c1-7-8-24-15-23(6)37-33(42)28(24)19-35-32(41)27-16-26(17-30-29(27)20-36-40(30)22(4)5)25-9-10-31(34-18-25)39-13-11-38(12-14-39)21(2)3/h9-10,15-18,20-22H,7-8,11-14,19H2,1-6H3,(H,35,41)(H,37,42)",N-[(6-methyl-2-oxo-4-propyl-1H-pyridin-3-yl)methyl]-1-propan-2-yl-6-[6-(4-propan-2-ylpiperazin-1-yl)pyridin-3-yl]indazole-4-carboxamide,0,https://www.selleckchem.com/
CCCCC(COC(=O)c1ccccc1C(=O)OCC(CCCC)CC)CC,Bis(2-ethylhexyl) phthalate,8343,"1S/C24H38O4/c1-5-9-13-19(7-3)17-27-23(25)21-15-11-12-16-22(21)24(26)28-18-20(8-4)14-10-6-2/h11-12,15-16,19-20H,5-10,13-14,17-18H2,1-4H3","bis(2-ethylhexyl) benzene-1,2-dicarboxylate",1,https://pubmed.ncbi.nlm.nih.gov/27853917/
CCCCC[C@@H](/C=C/[C@H]1[C@H](O)CC(=O)[C@@H]1C/C=C\CCCC(=O)O)O,Dinoprostone,5280360,"1S/C20H32O5/c1-2-3-6-9-15(21)12-13-17-16(18(22)14-19(17)23)10-7-4-5-8-11-20(24)25/h4,7,12-13,15-17,19,21,23H,2-3,5-6,8-11,14H2,1H3,(H,24,25)/b7-4-,13-12+/t15-,16+,17+,19+/m0/s1","(Z)-7-[(1R,2R,3R)-3-hydroxy-2-[(E,3S)-3-hydroxyoct-1-enyl]-5-oxocyclopentyl]hept-5-enoic acid",1,https://pubmed.ncbi.nlm.nih.gov/12970327/
CCCCC[C@@H](/C=C/C=C\C/C=C\C/C=C\CCCC(=O)O)O,Icomucret,5280724,"1S/C20H32O3/c1-2-3-13-16-19(21)17-14-11-9-7-5-4-6-8-10-12-15-18-20(22)23/h4-5,8-11,14,17,19,21H,2-3,6-7,12-13,15-16,18H2,1H3,(H,22,23)/b5-4-,10-8-,11-9-,17-14+/t19-/m0/s1","(5Z,8Z,11Z,13E,15S)-15-hydroxyicosa-5,8,11,13-tetraenoic acid",1,https://pubmed.ncbi.nlm.nih.gov/30110652/
CCCCc1oc2c(c1C(=O)c1cc(I)c(c(c1)I)OCCN(CC)CC)cccc2.Cl,"2-[4-(2-Butyl-1-benzofuran-3-carbonyl)-2,6-diiodophenoxy]ethyl-diethylazanium;chloride",29770,"1S/C25H29I2NO3.ClH/c1-4-7-11-22-23(18-10-8-9-12-21(18)31-22)24(29)17-15-19(26)25(20(27)16-17)30-14-13-28(5-2)6-3;/h8-10,12,15-16H,4-7,11,13-14H2,1-3H3;1H","2-[4-(2-butyl-1-benzofuran-3-carbonyl)-2,6-diiodophenoxy]ethyl-diethylazanium;chloride",1,https://link.springer.com/article/10.1007/s13238-021-00872-5#Sec2
CCCCCCC(c1cc(OC)c(c(c1)OC)[C@@H]1C=C(CO)[C@@H]2C[C@H]1C2(C)C)(C)C,HU-308,5311172,"1S/C27H42O3/c1-8-9-10-11-12-26(2,3)19-14-23(29-6)25(24(15-19)30-7)20-13-18(17-28)21-16-22(20)27(21,4)5/h13-15,20-22,28H,8-12,16-17H2,1-7H3/t20-,21+,22-/m1/s1","[(1R,4R,5R)-4-[2,6-dimethoxy-4-(2-methyloctan-2-yl)phenyl]-6,6-dimethyl-2-bicyclo[3.1.1]hept-2-enyl]methanol",1,https://pubmed.ncbi.nlm.nih.gov/27634891/
CCCCCCCCCCC[C@@H](C[C@@H]1OC(=O)[C@H]1CCCCCC)OC(=O)[C@H](CC(C)C)NC=O,Orlistat,3034010,"1S/C29H53NO5/c1-5-7-9-11-12-13-14-15-16-18-24(34-29(33)26(30-22-31)20-23(3)4)21-27-25(28(32)35-27)19-17-10-8-6-2/h22-27H,5-21H2,1-4H3,(H,30,31)/t24-,25-,26-,27-/m0/s1","[(2S)-1-[(2S,3S)-3-hexyl-4-oxooxetan-2-yl]tridecan-2-yl] (2S)-2-formamido-4-methylpentanoate",0,https://www.selleckchem.com/
CCCCCCCCCCCCC/C=C/[C@H]([C@H](COP(=O)(O)O)N)O,Sphingosine 1-phosphate,5283560,"1S/C18H38NO5P/c1-2-3-4-5-6-7-8-9-10-11-12-13-14-15-18(20)17(19)16-24-25(21,22)23/h14-15,17-18,20H,2-13,16,19H2,1H3,(H2,21,22,23)/b15-14+/t17-,18+/m0/s1","[(E,2S,3R)-2-amino-3-hydroxyoctadec-4-enyl] dihydrogen phosphate",1,https://pubmed.ncbi.nlm.nih.gov/31602216/
CCCCCCCCCCCCCCCCC(=O)O,Heptadecanoic acid,10465,"1S/C17H34O2/c1-2-3-4-5-6-7-8-9-10-11-12-13-14-15-16-17(18)19/h2-16H2,1H3,(H,18,19)",heptadecanoic acid,1,https://www.selleckchem.com/
CCN(C(=O)c1cc(F)ccc1Oc1cncnc1N1CC2(C1)CCN(CC2)CC1CCC(CC1)NS(=O)(=O)CC)C(C)C,"N-Ethyl-2-[4-[7-[[4-(ethylsulfonylamino)cyclohexyl]methyl]-2,7-diazaspiro[3.5]nonan-2-yl]pyrimidin-5-yl]oxy-5-fluoro-N-propan-2-ylbenzamide",132212657,"1S/C32H47FN6O4S/c1-5-39(23(3)4)31(40)27-17-25(33)9-12-28(27)43-29-18-34-22-35-30(29)38-20-32(21-38)13-15-37(16-14-32)19-24-7-10-26(11-8-24)36-44(41,42)6-2/h9,12,17-18,22-24,26,36H,5-8,10-11,13-16,19-21H2,1-4H3","N-ethyl-2-[4-[7-[[4-(ethylsulfonylamino)cyclohexyl]methyl]-2,7-diazaspiro[3.5]nonan-2-yl]pyrimidin-5-yl]oxy-5-fluoro-N-propan-2-ylbenzamide",0,https://www.selleckchem.com/
CCN(c1cc(C)nc2n1ncn2)CC,Trapidil,5531,"1S/C10H15N5/c1-4-14(5-2)9-6-8(3)13-10-11-7-12-15(9)10/h6-7H,4-5H2,1-3H3","N,N-diethyl-5-methyl-[1,2,4]triazolo[1,5-a]pyrimidin-7-amine",1,https://www.selleckchem.com/
CCN(CC(=O)Nc1c(C)cccc1C)CC.Cl,Lidocaine hydrochloride,6314,"1S/C14H22N2O.ClH/c1-5-16(6-2)10-13(17)15-14-11(3)8-7-9-12(14)4;/h7-9H,5-6,10H2,1-4H3,(H,15,17);1H","2-(diethylamino)-N-(2,6-dimethylphenyl)acetamide;hydrochloride",0,https://www.selleckchem.com/
CCN(CCCCNc1ncc2c(n1)nc(c(c2)c1cc(OC)cc(c1)OC)NC(=O)NC(C)(C)C)CC,"1-(tert-Butyl)-3-(2-((4-(diethylamino)butyl)amino)-6-(3,5-dimethoxyphenyl)pyrido[2,3-d]pyrimidin-7-yl)urea",1401,"1S/C28H41N7O3/c1-8-35(9-2)13-11-10-12-29-26-30-18-20-16-23(19-14-21(37-6)17-22(15-19)38-7)25(31-24(20)32-26)33-27(36)34-28(3,4)5/h14-18H,8-13H2,1-7H3,(H3,29,30,31,32,33,34,36)","1-tert-butyl-3-[2-[4-(diethylamino)butylamino]-6-(3,5-dimethoxyphenyl)pyrido[2,3-d]pyrimidin-7-yl]urea",0,https://www.selleckchem.com/
CCN(CCNC(=O)c1cc(Br)c(cc1OC)N)CC,Bromopride,2446,"1S/C14H22BrN3O2/c1-4-18(5-2)7-6-17-14(19)10-8-11(15)12(16)9-13(10)20-3/h8-9H,4-7,16H2,1-3H3,(H,17,19)",4-amino-5-bromo-N-[2-(diethylamino)ethyl]-2-methoxybenzamide,1,https://dx.doi.org/10.2174%2F2213988501307010021
CCN(N=O)CC,N-nitrosodiethylamine,5921,"1S/C4H10N2O/c1-3-6(4-2)5-7/h3-4H2,1-2H3","N,N-diethylnitrous amide",1,https://pubmed.ncbi.nlm.nih.gov/29850590/
CCN1CCCC1CNC(=O)c1cc(ccc1OC)S(=O)(=O)N,Sulpiride,5355,"1S/C15H23N3O4S/c1-3-18-8-4-5-11(18)10-17-15(19)13-9-12(23(16,20)21)6-7-14(13)22-2/h6-7,9,11H,3-5,8,10H2,1-2H3,(H,17,19)(H2,16,20,21)",N-[(1-ethylpyrrolidin-2-yl)methyl]-2-methoxy-5-sulfamoylbenzamide,1,https://pubmed.ncbi.nlm.nih.gov/32256734/
CCOC(=O)/C=C(/C=C/C=C(/C=C/c1c(C)cc(c(c1C)C)OC)\C)\C,Etretinate,5282375,"1S/C23H30O3/c1-8-26-23(24)14-17(3)11-9-10-16(2)12-13-21-18(4)15-22(25-7)20(6)19(21)5/h9-15H,8H2,1-7H3/b11-9+,13-12+,16-10+,17-14+","ethyl (2E,4E,6E,8E)-9-(4-methoxy-2,3,6-trimethylphenyl)-3,7-dimethylnona-2,4,6,8-tetraenoate",1,https://www.selleckchem.com/
CCOC(=O)/C=C/c1ccc(c(c1)OC)O,Ethyl ferulate,736681,"1S/C12H14O4/c1-3-16-12(14)7-5-9-4-6-10(13)11(8-9)15-2/h4-8,13H,3H2,1-2H3/b7-5+",ethyl (E)-3-(4-hydroxy-3-methoxyphenyl)prop-2-enoate,0,https://www.selleckchem.com/
CCOC(=O)C(=O)C,Ethyl pyruvate,12041,"1S/C5H8O3/c1-3-8-5(7)4(2)6/h3H2,1-2H3",ethyl 2-oxopropanoate,1,https://pubmed.ncbi.nlm.nih.gov/32916780/
CCOC(=O)c1cccc(c1)NC(=O)CCCCCCCSc1nnc(n1C)Cc1nn(C)c(=O)c2c1cccc2,"ethyl 3-[8-({4-methyl-5-[(3-methyl-4-oxo-3,4-dihydrophthalazin-1-yl)methyl]-4H-1,2,4-triazol-3-yl}sulfanyl)octanamido]benzoate",129320517,"1S/C30H36N6O4S/c1-4-40-29(39)21-13-12-14-22(19-21)31-27(37)17-8-6-5-7-11-18-41-30-33-32-26(35(30)2)20-25-23-15-9-10-16-24(23)28(38)36(3)34-25/h9-10,12-16,19H,4-8,11,17-18,20H2,1-3H3,(H,31,37)","ethyl 3-[8-[[4-methyl-5-[(3-methyl-4-oxophthalazin-1-yl)methyl]-1,2,4-triazol-3-yl]sulfanyl]octanoylamino]benzoate",0,https://www.selleckchem.com/
CCOC(=O)Nc1ccc(cc1N)NCc1ccc(cc1)F.Cl.Cl,Retigabine Dihydrochloride,6918229,"1S/C16H18FN3O2.2ClH/c1-2-22-16(21)20-15-8-7-13(9-14(15)18)19-10-11-3-5-12(17)6-4-11;;/h3-9,19H,2,10,18H2,1H3,(H,20,21);2*1H",ethyl N-[2-amino-4-[(4-fluorophenyl)methylamino]phenyl]carbamate;dihydrochloride,1,https://link.springer.com/article/10.1007/s13238-021-00872-5#Sec2
CCOc1ccc(cc1C)C(c1ccc2c(c1O)nc(cc2)C)Nc1ccccn1,7-[(4-Ethoxy-3-methylphenyl)-(pyridin-2-ylamino)methyl]-2-methylquinolin-8-ol,2895500,"1S/C25H25N3O2/c1-4-30-21-13-11-19(15-16(21)2)23(28-22-7-5-6-14-26-22)20-12-10-18-9-8-17(3)27-24(18)25(20)29/h5-15,23,29H,4H2,1-3H3,(H,26,28)",7-[(4-ethoxy-3-methylphenyl)-(pyridin-2-ylamino)methyl]-2-methylquinolin-8-ol,0,https://www.selleckchem.com/
CCOc1ccc2c(c1)ccc(c2)c1cc(cnc1N)c1cccc(c1)C(=O)NCCN(C)C,Crt5 (crt0066051),58238286,"1S/C28H30N4O2/c1-4-34-25-11-10-20-14-22(9-8-21(20)16-25)26-17-24(18-31-27(26)29)19-6-5-7-23(15-19)28(33)30-12-13-32(2)3/h5-11,14-18H,4,12-13H2,1-3H3,(H2,29,31)(H,30,33)",3-[6-amino-5-(6-ethoxynaphthalen-2-yl)pyridin-3-yl]-N-[2-(dimethylamino)ethyl]benzamide,0,https://www.selleckchem.com/
CCOc1nc2c(n1Cc1ccc(cc1)c1ccccc1c1noc(=O)[nH]1)c(ccc2)C(=O)OCc1oc(=O)oc1C,Azilsartan medoxomil,135409642,"1S/C30H24N4O8/c1-3-38-28-31-23-10-6-9-22(27(35)39-16-24-17(2)40-30(37)41-24)25(23)34(28)15-18-11-13-19(14-12-18)20-7-4-5-8-21(20)26-32-29(36)42-33-26/h4-14H,3,15-16H2,1-2H3,(H,32,33,36)","(5-methyl-2-oxo-1,3-dioxol-4-yl)methyl 2-ethoxy-3-[[4-[2-(5-oxo-4H-1,2,4-oxadiazol-3-yl)phenyl]phenyl]methyl]benzimidazole-4-carboxylate",1,https://link.springer.com/article/10.1007/s13238-021-00872-5#Sec2
CCOP(=O)(Oc1nc(Cl)c(cc1Cl)Cl)OCC,Chlorpyrifos oxon,21804,"1S/C9H11Cl3NO4P/c1-3-15-18(14,16-4-2)17-9-7(11)5-6(10)8(12)13-9/h5H,3-4H2,1-2H3","diethyl (3,5,6-trichloropyridin-2-yl) phosphate",0,https://cfpub.epa.gov/si/si_public_record_report.cfm?Lab=NHEERL&dirEntryId=241232
CCS(=O)(=O)c1ncc(c(n1)C(=O)Oc1cccc(c1)C)Cl,m-Tolyl 5-chloro-2-(ethylsulfonyl)pyrimidine-4-carboxylate,18879973,"1S/C14H13ClN2O4S/c1-3-22(19,20)14-16-8-11(15)12(17-14)13(18)21-10-6-4-5-9(2)7-10/h4-8H,3H2,1-2H3",(3-methylphenyl) 5-chloro-2-ethylsulfonylpyrimidine-4-carboxylate,1,https://www.selleckchem.com/
ClC1=C(Cl)[C@@]2(C([C@@]1(Cl)[C@H]1[C@@H]2[C@H]2C[C@@H]1[C@H]1[C@@H]2O1)(Cl)Cl)Cl,Dieldrin,969491,"1S/C12H8Cl6O/c13-8-9(14)11(16)5-3-1-2(6-7(3)19-6)4(5)10(8,15)12(11,17)18/h2-7H,1H2/t2-,3+,4+,5-,6-,7+,10+,11-","(1R,2S,3S,6R,7R,8S,9S,11R)-3,4,5,6,13,13-hexachloro-10-oxapentacyclo[6.3.1.13,6.02,7.09,11]tridec-4-ene",0,https://cfpub.epa.gov/si/si_public_record_report.cfm?Lab=NHEERL&dirEntryId=241232
Clc1ccc(c(c1)NCc1ccc(c(c1)O)C)NCc1ccc(c(c1)O)C,5-[[4-Chloro-2-[(3-hydroxy-4-methylphenyl)methylamino]anilino]methyl]-2-methylphenol,154824629,"1S/C22H23ClN2O2/c1-14-3-5-16(9-21(14)26)12-24-19-8-7-18(23)11-20(19)25-13-17-6-4-15(2)22(27)10-17/h3-11,24-27H,12-13H2,1-2H3",5-[[4-chloro-2-[(3-hydroxy-4-methylphenyl)methylamino]anilino]methyl]-2-methylphenol,0,https://www.selleckchem.com/
Clc1ccc(cc1)[C@](c1cncn1C)(c1ccc2c(c1)c(cc(=O)n2C)c1cccc(c1)Cl)N,Tipifarnib,159324,"1S/C27H22Cl2N4O/c1-32-16-31-15-25(32)27(30,18-6-9-20(28)10-7-18)19-8-11-24-23(13-19)22(14-26(34)33(24)2)17-4-3-5-21(29)12-17/h3-16H,30H2,1-2H3/t27-/m1/s1",6-[(R)-amino-(4-chlorophenyl)-(3-methylimidazol-4-yl)methyl]-4-(3-chlorophenyl)-1-methylquinolin-2-one,0,https://www.selleckchem.com/
Clc1ccc(cc1)C1=C(CN2CCN(CC2)c2ccc(cc2)C(=O)NS(=O)(=O)c2ccc(c(c2)S(=O)(=O)C(F)(F)F)N[C@@H](CSc2ccccc2)CCN2CCOCC2)CC(CC1)(C)C,Navitoclax,24978538,"1S/C47H55ClF3N5O6S3/c1-46(2)20-18-42(34-8-12-37(48)13-9-34)36(31-46)32-55-22-24-56(25-23-55)39-14-10-35(11-15-39)45(57)53-65(60,61)41-16-17-43(44(30-41)64(58,59)47(49,50)51)52-38(19-21-54-26-28-62-29-27-54)33-63-40-6-4-3-5-7-40/h3-17,30,38,52H,18-29,31-33H2,1-2H3,(H,53,57)/t38-/m1/s1","4-[4-[[2-(4-chlorophenyl)-5,5-dimethylcyclohexen-1-yl]methyl]piperazin-1-yl]-N-[4-[[(2R)-4-morpholin-4-yl-1-phenylsulfanylbutan-2-yl]amino]-3-(trifluoromethylsulfonyl)phenyl]sulfonylbenzamide",0,https://www.nature.com/articles/s41598-021-94259-5
Clc1ccc2c(c1)/C(=C/c1[nH]c(cc1C)C)/C(=O)N2,"(Z)-5-Chloro-3-((3,5-dimethyl-1H-pyrrol-2-yl)methylene)indolin-2-one",6536806,"1S/C15H13ClN2O/c1-8-5-9(2)17-14(8)7-12-11-6-10(16)3-4-13(11)18-15(12)19/h3-7,17H,1-2H3,(H,18,19)/b12-7-","(3Z)-5-chloro-3-[(3,5-dimethyl-1H-pyrrol-2-yl)methylidene]-1H-indol-2-one",0,https://www.selleckchem.com/
CN([C@@H]1C(=O)C(=C([C@@]2([C@H]1C[C@@H]1Cc3c(C(=C1C2=O)O)c(O)ccc3N(C)C)O)O)C(=O)N)C.Cl,Minocycline hydrochloride,54685925,"1S/C23H27N3O7.ClH/c1-25(2)12-5-6-13(27)15-10(12)7-9-8-11-17(26(3)4)19(29)16(22(24)32)21(31)23(11,33)20(30)14(9)18(15)28;/h5-6,9,11,17,27-28,31,33H,7-8H2,1-4H3,(H2,24,32);1H/t9-,11-,17-,23-;/m0./s1","(4S,4aS,5aR,12aR)-4,7-bis(dimethylamino)-1,10,11,12a-tetrahydroxy-3,12-dioxo-4a,5,5a,6-tetrahydro-4H-tetracene-2-carboxamide;hydrochloride",1,https://link.springer.com/article/10.1007/s13238-021-00872-5#Sec2
CN(C[C@H](c1ccccc1)NC(=O)N1Cc2c(C1(C)C)[nH]nc2Nc1nc(C)nc2c1scc2)C,"N-((1S)-2-(Dimethylamino)-1-phenylethyl)-6,6-dimethyl-3-((2-methylthieno(3,2-d)pyrimidin-4-yl)amino)-4,6-dihydropyrrolo(3,4-C)pyrazole-5(1H)-carboxamide",25227462,"1S/C25H30N8OS/c1-15-26-18-11-12-35-20(18)23(27-15)29-22-17-13-33(25(2,3)21(17)30-31-22)24(34)28-19(14-32(4)5)16-9-7-6-8-10-16/h6-12,19H,13-14H2,1-5H3,(H,28,34)(H2,26,27,29,30,31)/t19-/m1/s1","N-[(1S)-2-(dimethylamino)-1-phenylethyl]-6,6-dimethyl-3-[(2-methylthieno[3,2-d]pyrimidin-4-yl)amino]-1,4-dihydropyrrolo[3,4-c]pyrazole-5-carboxamide",0,https://www.selleckchem.com/
CN(CC/C=C\1/c2ccccc2OCc2c1cccc2)C.Cl,Doxepin Hydrochloride,6419921,"1S/C19H21NO.ClH/c1-20(2)13-7-11-17-16-9-4-3-8-15(16)14-21-19-12-6-5-10-18(17)19;/h3-6,8-12H,7,13-14H2,1-2H3;1H/b17-11+;","(3E)-3-(6H-benzo[c][1]benzoxepin-11-ylidene)-N,N-dimethylpropan-1-amine;hydrochloride",1,https://link.springer.com/article/10.1007/s13238-021-00872-5#Sec2
CN(CCCn1cc(c2c1cccc2)C1=C(C(=O)NC1=O)c1c[nH]c2c1cccc2)C,Bisindolylmaleimide i,2396,"1S/C25H24N4O2/c1-28(2)12-7-13-29-15-19(17-9-4-6-11-21(17)29)23-22(24(30)27-25(23)31)18-14-26-20-10-5-3-8-16(18)20/h3-6,8-11,14-15,26H,7,12-13H2,1-2H3,(H,27,30,31)","3-[1-[3-(dimethylamino)propyl]indol-3-yl]-4-(1H-indol-3-yl)pyrrole-2,5-dione",0,https://doi.org/10.1152/ajpcell.00142.2005
CN(CCN(c1ccccn1)Cc1cccs1)C,Methapyrilene,4098,"1S/C14H19N3S/c1-16(2)9-10-17(12-13-6-5-11-18-13)14-7-3-4-8-15-14/h3-8,11H,9-10,12H2,1-2H3","N,N-dimethyl-N'-pyridin-2-yl-N'-(thiophen-2-ylmethyl)ethane-1,2-diamine",1,https://pubmed.ncbi.nlm.nih.gov/7716764/
CN(CCNc1ccnc2c1ccc(c2)Cl)CCNCc1nnn(c1)Cc1ccc(cc1)Cl,"N-[[1-[(4-chlorophenyl)methyl]triazol-4-yl]methyl]-N'-[2-[(7-chloroquinolin-4-yl)amino]ethyl]-N'-methylethane-1,2-diamine",118735232,"1S/C24H27Cl2N7/c1-32(13-11-29-23-8-9-28-24-14-20(26)6-7-22(23)24)12-10-27-15-21-17-33(31-30-21)16-18-2-4-19(25)5-3-18/h2-9,14,17,27H,10-13,15-16H2,1H3,(H,28,29)","N-[[1-[(4-chlorophenyl)methyl]triazol-4-yl]methyl]-N'-[2-[(7-chloroquinolin-4-yl)amino]ethyl]-N'-methylethane-1,2-diamine",0,https://www.selleckchem.com/
Cn1c(nnc1C12CCC(CC1)(CC2)c1noc(n1)C1CC(C1)(F)F)c1ccccc1C(F)(F)F,"5-(3,3-Difluorocyclobutyl)-3-[4-[4-methyl-5-[2-(trifluoromethyl)phenyl]-4H-1,2,4-triazol-3-yl]bicyclo[2.2.2]oct-1-yl]-1,2,4-oxadiazole",16222379,"1S/C24H24F5N5O/c1-34-17(15-4-2-3-5-16(15)24(27,28)29)31-32-20(34)22-9-6-21(7-10-22,8-11-22)19-30-18(35-33-19)14-12-23(25,26)13-14/h2-5,14H,6-13H2,1H3","5-(3,3-difluorocyclobutyl)-3-[4-[4-methyl-5-[2-(trifluoromethyl)phenyl]-1,2,4-triazol-3-yl]-1-bicyclo[2.2.2]octanyl]-1,2,4-oxadiazole",0,https://www.selleckchem.com/
CN1CCC[C@H]1c1cccnc1,Nicotine,89594,"1S/C10H14N2/c1-12-7-3-5-10(12)9-4-2-6-11-8-9/h2,4,6,8,10H,3,5,7H2,1H3/t10-/m0/s1",3-[(2S)-1-methylpyrrolidin-2-yl]pyridine,1,https://pubmed.ncbi.nlm.nih.gov/18295799/
CN1CCN(CC1)c1nc(Nc2ccc(cc2)[N+](=O)[O-])nc(c1)Nc1n[nH]c(c1)C,"6-(4-methylpiperazin-1-yl)-4-N-(5-methyl-1H-pyrazol-3-yl)-2-N-(4-nitrophenyl)pyrimidine-2,4-diamine",72194397,"1S/C19H23N9O2/c1-13-11-17(25-24-13)21-16-12-18(27-9-7-26(2)8-10-27)23-19(22-16)20-14-3-5-15(6-4-14)28(29)30/h3-6,11-12H,7-10H2,1-2H3,(H3,20,21,22,23,24,25)","6-(4-methylpiperazin-1-yl)-4-N-(5-methyl-1H-pyrazol-3-yl)-2-N-(4-nitrophenyl)pyrimidine-2,4-diamine",0,https://www.selleckchem.com/
CN1CCN(CC1)Cc1ccc(cc1C(F)(F)F)NC(=O)Nc1ccc(cc1)Oc1ncnc(c1)NC(=O)C1CC1,N-(6-{4-[({4-[(4-methylpiperazin-1-yl)methyl]-3-(trifluoromethyl)phenyl}carbamoyl)amino]phenoxy}pyrimidin-4-yl)cyclopropanecarboxamide,72551586,"1S/C28H30F3N7O3/c1-37-10-12-38(13-11-37)16-19-4-5-21(14-23(19)28(29,30)31)35-27(40)34-20-6-8-22(9-7-20)41-25-15-24(32-17-33-25)36-26(39)18-2-3-18/h4-9,14-15,17-18H,2-3,10-13,16H2,1H3,(H2,34,35,40)(H,32,33,36,39)",N-[6-[4-[[4-[(4-methylpiperazin-1-yl)methyl]-3-(trifluoromethyl)phenyl]carbamoylamino]phenoxy]pyrimidin-4-yl]cyclopropanecarboxamide,0,https://www.selleckchem.com/
CN1CCN(CC1)Cc1ccc2c(c1)n1C[C@H](C)CCCOc3c(c4cc(C(=O)Nc1n2)cc(C)n4)cnn3C,"(20R)-10,15,20-trimethyl-2-[(4-methylpiperazin-1-yl)methyl]-18,19,20,21-tetrahydro-15H,17H-12,8-(metheno)pyrazolo[3',4':2,3][1,5,10,12]oxatriazacycloheptadecino[12,11-a]benzimidazol-7(6H)-one",139600318,"1S/C30H38N8O2/c1-20-6-5-13-40-29-24(17-31-36(29)4)26-16-23(14-21(2)32-26)28(39)34-30-33-25-8-7-22(15-27(25)38(30)18-20)19-37-11-9-35(3)10-12-37/h7-8,14-17,20H,5-6,9-13,18-19H2,1-4H3,(H,33,34,39)/t20-/m1/s1","(11R)-5,11,26-trimethyl-16-[(4-methylpiperazin-1-yl)methyl]-7-oxa-4,5,13,20,22,27-hexazapentacyclo[22.3.1.02,6.013,21.014,19]octacosa-1(27),2(6),3,14(19),15,17,20,24(28),25-nonaen-23-one",0,https://www.selleckchem.com/
CN1CCN2C(C1)c1ccccc1Cc1c2nccc1,Mirtazapine,4205,"1S/C17H19N3/c1-19-9-10-20-16(12-19)15-7-3-2-5-13(15)11-14-6-4-8-18-17(14)20/h2-8,16H,9-12H2,1H3","5-methyl-2,5,19-triazatetracyclo[13.4.0.02,7.08,13]nonadeca-1(15),8,10,12,16,18-hexaene",1,https://pubmed.ncbi.nlm.nih.gov/33244123/
Cn1cnc(c1)Cn1ccc2c1cc(CNCc1[nH]c3c(c1[C@H]1NC(=O)c4c1cc(O)cc4)cccc3)cc2,"(3~{S})-3-[2-[[[1-[(1-methylimidazol-4-yl)methyl]indol-6-yl]methylamino]methyl]-1~{H}-indol-3-yl]-5-oxidanyl-2,3-dihydroisoindol-1-one",138756246,"1S/C31H28N6O2/c1-36-16-21(33-18-36)17-37-11-10-20-7-6-19(12-28(20)37)14-32-15-27-29(24-4-2-3-5-26(24)34-27)30-25-13-22(38)8-9-23(25)31(39)35-30/h2-13,16,18,30,32,34,38H,14-15,17H2,1H3,(H,35,39)/t30-/m0/s1","(3S)-5-hydroxy-3-[2-[[[1-[(1-methylimidazol-4-yl)methyl]indol-6-yl]methylamino]methyl]-1H-indol-3-yl]-2,3-dihydroisoindol-1-one",0,https://www.selleckchem.com/
CNC(=O)[C@@H](NC(=O)[C@@H]([C@@H](C(=O)NO)CSc1cccs1)CC(C)C)Cc1ccccc1,Batimastat,5362422,"1S/C23H31N3O4S2/c1-15(2)12-17(18(22(28)26-30)14-32-20-10-7-11-31-20)21(27)25-19(23(29)24-3)13-16-8-5-4-6-9-16/h4-11,15,17-19,30H,12-14H2,1-3H3,(H,24,29)(H,25,27)(H,26,28)/t17-,18+,19+/m1/s1","(2S,3R)-N-hydroxy-N'-[(2S)-1-(methylamino)-1-oxo-3-phenylpropan-2-yl]-3-(2-methylpropyl)-2-(thiophen-2-ylsulfanylmethyl)butanediamide",1,https://link.springer.com/article/10.1007/s13238-021-00872-5#Sec2
CNC(=O)c1cccc(c1)c1ccc2c(n1)nc(nc2N1CCOC[C@@H]1C)N1CCOC[C@@H]1C,Vistusertib,25262792,"1S/C25H30N6O3/c1-16-14-33-11-9-30(16)23-20-7-8-21(18-5-4-6-19(13-18)24(32)26-3)27-22(20)28-25(29-23)31-10-12-34-15-17(31)2/h4-8,13,16-17H,9-12,14-15H2,1-3H3,(H,26,32)/t16-,17-/m0/s1","3-[2,4-bis[(3S)-3-methylmorpholin-4-yl]pyrido[2,3-d]pyrimidin-7-yl]-N-methylbenzamide",0,https://www.selleckchem.com/
CNC(=O)CCc1cc(nn1c1ccc(cc1)N1CCNCC1)c1ccc(cc1)c1ccc(cc1)C(F)(F)F,Ilk-IN-2,118986645,"1S/C30H30F3N5O/c1-34-29(39)15-14-27-20-28(36-38(27)26-12-10-25(11-13-26)37-18-16-35-17-19-37)23-4-2-21(3-5-23)22-6-8-24(9-7-22)30(31,32)33/h2-13,20,35H,14-19H2,1H3,(H,34,39)",N-methyl-3-[2-(4-piperazin-1-ylphenyl)-5-[4-[4-(trifluoromethyl)phenyl]phenyl]pyrazol-3-yl]propanamide,0,https://www.selleckchem.com/
CNC(=O)COc1cc2cc(ccc2n(c1=O)C)Nc1nc(ncc1Cl)N1C[C@H](C)C[C@@H](C1)C,"2-[6-[[5-Chloranyl-2-[(3~{s},5~{r})-3,5-Dimethylpiperidin-1-Yl]pyrimidin-4-Yl]amino]-1-Methyl-2-Oxidanylidene-Quinolin-3-Yl]oxy-~{n}-Methyl-Ethanamide",131632978,"1S/C24H29ClN6O3/c1-14-7-15(2)12-31(11-14)24-27-10-18(25)22(29-24)28-17-5-6-19-16(8-17)9-20(23(33)30(19)4)34-13-21(32)26-3/h5-6,8-10,14-15H,7,11-13H2,1-4H3,(H,26,32)(H,27,28,29)/t14-,15+","2-[6-[[5-chloro-2-[(3R,5S)-3,5-dimethylpiperidin-1-yl]pyrimidin-4-yl]amino]-1-methyl-2-oxoquinolin-3-yl]oxy-N-methylacetamide",0,https://www.selleckchem.com/
CNC[C@@H](c1cccc(c1)O)O,Phenylephrine,6041,"1S/C9H13NO2/c1-10-6-9(12)7-3-2-4-8(11)5-7/h2-5,9-12H,6H2,1H3/t9-/m0/s1",3-[(1R)-1-hydroxy-2-(methylamino)ethyl]phenol,1,https://pubmed.ncbi.nlm.nih.gov/19349967/
CNS(=O)(=O)Cc1ccc2c(c1)c(CCN(C)C)c[nH]2,Sumatriptan,5358,"1S/C14H21N3O2S/c1-15-20(18,19)10-11-4-5-14-13(8-11)12(9-16-14)6-7-17(2)3/h4-5,8-9,15-16H,6-7,10H2,1-3H3",1-[3-[2-(dimethylamino)ethyl]-1H-indol-5-yl]-N-methylmethanesulfonamide,1,https://pubmed.ncbi.nlm.nih.gov/10698088/
CO[C@H]1C[C@H](O[C@H]2CC[C@]3([C@](C2)(O)CC[C@@H]2[C@@H]3CC[C@]3([C@]2(O)CC[C@@H]3C2=CC(=O)OC2)C)C)O[C@@H]([C@H]1O[C@@H]1O[C@H](CO)[C@H]([C@@H]([C@H]1O)O)O)C,Periplocin,14463159,"1S/C36H56O13/c1-18-31(49-32-30(41)29(40)28(39)25(16-37)48-32)24(44-4)14-27(46-18)47-20-5-9-33(2)22-6-10-34(3)21(19-13-26(38)45-17-19)8-12-36(34,43)23(22)7-11-35(33,42)15-20/h13,18,20-25,27-32,37,39-43H,5-12,14-17H2,1-4H3/t18-,20+,21-,22+,23-,24+,25-,27+,28-,29+,30-,31-,32+,33-,34-,35+,36+/m1/s1","3-[(3S,5S,8R,9S,10R,13R,14S,17R)-5,14-dihydroxy-3-[(2R,4S,5R,6R)-4-methoxy-6-methyl-5-[(2S,3R,4S,5S,6R)-3,4,5-trihydroxy-6-(hydroxymethyl)oxan-2-yl]oxyoxan-2-yl]oxy-10,13-dimethyl-2,3,4,6,7,8,9,11,12,15,16,17-dodecahydro-1H-cyclopenta[a]phenanthren-17-yl]-2H-furan-5-one",1,https://www.selleckchem.com/
CO[C@H]1CN(CCCOc2ccc(cc2)F)CC[C@H]1NC(=O)c1cc(Cl)c(cc1OC)N,Prepulsid,6917698,"1S/C23H29ClFN3O4/c1-30-21-13-19(26)18(24)12-17(21)23(29)27-20-8-10-28(14-22(20)31-2)9-3-11-32-16-6-4-15(25)5-7-16/h4-7,12-13,20,22H,3,8-11,14,26H2,1-2H3,(H,27,29)/t20-,22+/m1/s1","4-amino-5-chloro-N-[(3S,4R)-1-[3-(4-fluorophenoxy)propyl]-3-methoxypiperidin-4-yl]-2-methoxybenzamide",1,https://pubmed.ncbi.nlm.nih.gov/20187666/
CO/C=C(\[C@H]1C[C@@H]2N(C[C@@H]1C=C)CC[C@@]12C(=O)Nc2c1cccc2)/C(=O)OC,Corynoxeine,44568160,"1S/C22H26N2O4/c1-4-14-12-24-10-9-22(17-7-5-6-8-18(17)23-21(22)26)19(24)11-15(14)16(13-27-2)20(25)28-3/h4-8,13-15,19H,1,9-12H2,2-3H3,(H,23,26)/b16-13+/t14-,15-,19-,22+/m0/s1","methyl (E)-2-[(3R,6'R,7'S,8'aS)-6'-ethenyl-2-oxospiro[1H-indole-3,1'-3,5,6,7,8,8a-hexahydro-2H-indolizine]-7'-yl]-3-methoxyprop-2-enoate",0,https://www.selleckchem.com/
COC(=O)[C@]1(C)CC[C@]2([C@@H](C1)[C@]1(C)CC[C@@]3(C(=CC=C4C3=CC(=O)C(=C4C)O)[C@]1(CC2)C)C)C,Pristimerin,159516,"1S/C30H40O4/c1-18-19-8-9-22-28(4,20(19)16-21(31)24(18)32)13-15-30(6)23-17-27(3,25(33)34-7)11-10-26(23,2)12-14-29(22,30)5/h8-9,16,23,32H,10-15,17H2,1-7H3/t23-,26-,27-,28+,29-,30+/m1/s1","methyl (2R,4aS,6aR,6aS,14aS,14bR)-10-hydroxy-2,4a,6a,6a,9,14a-hexamethyl-11-oxo-1,3,4,5,6,13,14,14b-octahydropicene-2-carboxylate",0,https://www.selleckchem.com/
COC(=O)c1cc2oc1C[C@H](CC[C@]13[C@@H]([C@@H](C[C@]4([C@H]2O4)C)OC3=O)O1)C(=C)C,"11,12-Epoxypukalide",146895,"1S/C21H24O7/c1-10(2)11-5-6-21-17(28-21)15(26-19(21)23)9-20(3)16(27-20)14-8-12(18(22)24-4)13(7-11)25-14/h8,11,15-17H,1,5-7,9H2,2-4H3/t11-,15+,16-,17+,20-,21+/m0/s1","methyl (1R,4S,10R,12S,14R,15R)-12-methyl-17-oxo-4-prop-1-en-2-yl-11,16,18,19-tetraoxapentacyclo[12.2.2.16,9.01,15.010,12]nonadeca-6,8-diene-7-carboxylate",1,https://pubmed.ncbi.nlm.nih.gov/23300997/
COC(=O)CCc1c2=CC3=NC(=Cc4[nH]c(C=C5N=C(C=c(c1C)[nH]2)C1(C)C(C(=O)OC)C(=CC=C51)C(=O)OC)c(c4C=C)C)C(=C3CCC(=O)O)C,Bpd-MA-A1,9896625,"1S/C41H42N4O8/c1-9-23-20(2)29-17-34-27-13-10-26(39(49)52-7)38(40(50)53-8)41(27,5)35(45-34)19-30-22(4)25(12-15-37(48)51-6)33(44-30)18-32-24(11-14-36(46)47)21(3)28(43-32)16-31(23)42-29/h9-10,13,16-19,38,42,44H,1,11-12,14-15H2,2-8H3,(H,46,47)","3-[14-ethenyl-22,23-bis(methoxycarbonyl)-5-(3-methoxy-3-oxopropyl)-4,10,15,24-tetramethyl-25,26,27,28-tetrazahexacyclo[16.6.1.13,6.18,11.113,16.019,24]octacosa-1,3,5,7,9,11(27),12,14,16,18(25),19,21-dodecaen-9-yl]propanoic acid",0,https://www.selleckchem.com/
COC(=O)N[C@H](CNc1nccc(n1)c1cn(nc1c1cc(Cl)cc(c1F)NS(=O)(=O)C)C(C)C)C,Encorafenib,50922675,"1S/C22H27ClFN7O4S/c1-12(2)31-11-16(17-6-7-25-21(28-17)26-10-13(3)27-22(32)35-4)20(29-31)15-8-14(23)9-18(19(15)24)30-36(5,33)34/h6-9,11-13,30H,10H2,1-5H3,(H,27,32)(H,25,26,28)/t13-/m0/s1",methyl N-[(2S)-1-[[4-[3-[5-chloro-2-fluoro-3-(methanesulfonamido)phenyl]-1-propan-2-ylpyrazol-4-yl]pyrimidin-2-yl]amino]propan-2-yl]carbamate,0,https://www.selleckchem.com/
COC1[C@H](O)[C@@H](O)C([C@@H]([C@H]1O)O)O,L-Quebrachitol,151108,"1S/C7H14O6/c1-13-7-5(11)3(9)2(8)4(10)6(7)12/h2-12H,1H3/t2?,3-,4-,5+,6+,7?/m0/s1","(1R,2S,4S,5R)-6-methoxycyclohexane-1,2,3,4,5-pentol",1,https://www.selleckchem.com/
COc1cc([N+](=O)[O-])c(cc1[n+]1nc(nn1c1cc(c(cc1OC)[N+](=O)[O-])S(=O)(=O)[O-])C(=O)Nc1ccccc1)S(=O)(=O)[O-].[Na+],XTT sodium salt,14195569,"1S/C22H17N7O13S2.Na/c1-41-17-8-15(28(31)32)19(43(35,36)37)10-13(17)26-24-21(22(30)23-12-6-4-3-5-7-12)25-27(26)14-11-20(44(38,39)40)16(29(33)34)9-18(14)42-2;/h3-11H,1-2H3,(H2-,23,30,35,36,37,38,39,40);/q;+1/p-1",sodium;4-methoxy-5-[3-(2-methoxy-4-nitro-5-sulfonatophenyl)-5-(phenylcarbamoyl)tetrazol-3-ium-2-yl]-2-nitrobenzenesulfonate,0,https://www.selleckchem.com/
COc1cc(/C=C/C(=O)OCC[N+](C)(C)C)cc(c1O)OC,"[2-(3,5-Dimethoxy-4-hydroxycinnamoyloxy)ethyl]trimethylaminium",89287,"1S/C16H23NO5/c1-17(2,3)8-9-22-15(18)7-6-12-10-13(20-4)16(19)14(11-12)21-5/h6-7,10-11H,8-9H2,1-5H3/p+1","2-[3-(4-hydroxy-3,5-dimethoxyphenyl)prop-2-enoyloxy]ethyl-trimethylazanium",0,https://www.selleckchem.com/
COc1cc(C=O)ccc1O,Vanillin,1183,"1S/C8H8O3/c1-11-8-4-6(5-9)2-3-7(8)10/h2-5,10H,1H3",4-hydroxy-3-methoxybenzaldehyde,1,https://pubmed.ncbi.nlm.nih.gov/26935641/
COc1cc(cc(c1OC)OC)C(=O)NC(=Nc1ccc(c(c1)NC(=O)c1ccc(cc1)c1ccccc1)C)N,"3,4,5-Trimethoxy-N-[N'-[4-methyl-3-[(4-phenylbenzoyl)amino]phenyl]carbamimidoyl]benzamide",136210511,"1S/C31H30N4O5/c1-19-10-15-24(33-31(32)35-30(37)23-16-26(38-2)28(40-4)27(17-23)39-3)18-25(19)34-29(36)22-13-11-21(12-14-22)20-8-6-5-7-9-20/h5-18H,1-4H3,(H,34,36)(H3,32,33,35,37)","3,4,5-trimethoxy-N-[N'-[4-methyl-3-[(4-phenylbenzoyl)amino]phenyl]carbamimidoyl]benzamide",0,https://www.selleckchem.com/
COc1cc(cc(c1OC)OC)C1CC(=NN1C(=S)N)c1ccccc1,"3-Phenyl-5-(3,4,5-trimethoxyphenyl)-4,5-dihydro-1H-pyrazole-1-carbothioamide",56944939,"1S/C19H21N3O3S/c1-23-16-9-13(10-17(24-2)18(16)25-3)15-11-14(21-22(15)19(20)26)12-7-5-4-6-8-12/h4-10,15H,11H2,1-3H3,(H2,20,26)","5-phenyl-3-(3,4,5-trimethoxyphenyl)-3,4-dihydropyrazole-2-carbothioamide",0,https://www.selleckchem.com/
COc1cc(ccc1[n+]1nc(nn1c1ccc(cc1)[N+](=O)[O-])c1ccc(cc1S(=O)(=O)[O-])S(=O)(=O)[O-])[N+](=O)[O-].[Na+],"sodium 4-(3-(2-methoxy-4-nitrophenyl)-2-(4-nitrophenyl)-2H-tetrazol-3-ium-5-yl)benzene-1,3-disulfonate",9894947,"1S/C20H14N6O11S2.Na/c1-37-18-10-14(26(29)30)6-9-17(18)24-22-20(21-23(24)12-2-4-13(5-3-12)25(27)28)16-8-7-15(38(31,32)33)11-19(16)39(34,35)36;/h2-11H,1H3,(H-,31,32,33,34,35,36);/q;+1/p-1","sodium;4-[2-(2-methoxy-4-nitrophenyl)-3-(4-nitrophenyl)tetrazol-2-ium-5-yl]benzene-1,3-disulfonate",0,https://www.selleckchem.com/
COc1cc(ccc1NC(=O)[C@@H]1N[C@H]([C@]2([C@H]1c1cccc(c1F)Cl)C(=O)Nc1c2ccc(c1)Cl)CC(C)(C)C)C(=O)N,CID 53238217,53238217,"1S/C31H31Cl2FN4O4/c1-30(2,3)14-23-31(18-10-9-16(32)13-21(18)37-29(31)41)24(17-6-5-7-19(33)25(17)34)26(38-23)28(40)36-20-11-8-15(27(35)39)12-22(20)42-4/h5-13,23-24,26,38H,14H2,1-4H3,(H2,35,39)(H,36,40)(H,37,41)/t23-,24-,26+,31+/m0/s1","(2'R,3R,3'S,5'S)-N-(4-carbamoyl-2-methoxyphenyl)-6-chloro-3'-(3-chloro-2-fluorophenyl)-5'-(2,2-dimethylpropyl)-2-oxospiro[1H-indole-3,4'-pyrrolidine]-2'-carboxamide",0,https://www.selleckchem.com/
COc1cc(ccc1O)c1oc2cc(O)cc(c2c(=O)c1O[C@@H]1O[C@H](CO[C@@H]2O[C@@H](C)[C@@H]([C@H]([C@H]2O)O)O)[C@H]([C@@H]([C@H]1O)O)O)O,Narcissin,5481663,"1S/C28H32O16/c1-9-18(32)21(35)23(37)27(41-9)40-8-16-19(33)22(36)24(38)28(43-16)44-26-20(34)17-13(31)6-11(29)7-15(17)42-25(26)10-3-4-12(30)14(5-10)39-2/h3-7,9,16,18-19,21-24,27-33,35-38H,8H2,1-2H3/t9-,16+,18-,19+,21+,22-,23+,24+,27+,28-/m0/s1","5,7-dihydroxy-2-(4-hydroxy-3-methoxyphenyl)-3-[(2S,3R,4S,5S,6R)-3,4,5-trihydroxy-6-[[(2R,3R,4R,5R,6S)-3,4,5-trihydroxy-6-methyloxan-2-yl]oxymethyl]oxan-2-yl]oxychromen-4-one",0,https://www.selleckchem.com/
COc1cc(ccc1O)c1oc2cc(O)cc(c2c(=O)c1O[C@@H]1O[C@H](CO[C@@H]2O[C@@H](C)[C@@H]([C@H]([C@H]2O)O)O)[C@H]([C@@H]([C@H]1O[C@@H]1O[C@@H](C)[C@@H]([C@H]([C@H]1O)O)O)O)O)O,"3-[(2S,3R,4S,5S,6R)-4,5-dihydroxy-3-[(2R,3R,4R,5R,6S)-3,4,5-trihydroxy-6-methyloxan-2-yl]oxy-6-[[(2R,3R,4R,5R,6S)-3,4,5-trihydroxy-6-methyloxan-2-yl]oxymethyl]oxan-2-yl]oxy-5,7-dihydroxy-2-(4-hydroxy-3-methoxyphenyl)chromen-4-one",44566503,"1S/C34H42O20/c1-10-20(38)24(42)27(45)32(49-10)48-9-18-22(40)26(44)31(54-33-28(46)25(43)21(39)11(2)50-33)34(52-18)53-30-23(41)19-15(37)7-13(35)8-17(19)51-29(30)12-4-5-14(36)16(6-12)47-3/h4-8,10-11,18,20-22,24-28,31-40,42-46H,9H2,1-3H3/t10-,11-,18+,20-,21-,22+,24+,25+,26-,27+,28+,31+,32+,33-,34-/m0/s1","3-[(2S,3R,4S,5S,6R)-4,5-dihydroxy-3-[(2R,3R,4R,5R,6S)-3,4,5-trihydroxy-6-methyloxan-2-yl]oxy-6-[[(2R,3R,4R,5R,6S)-3,4,5-trihydroxy-6-methyloxan-2-yl]oxymethyl]oxan-2-yl]oxy-5,7-dihydroxy-2-(4-hydroxy-3-methoxyphenyl)chromen-4-one",0,https://www.selleckchem.com/
COc1cc(ccc1O)c1oc2cc(O)ccc2c(=O)c1O,Geraldol,5482101,"1S/C16H12O6/c1-21-13-6-8(2-5-11(13)18)16-15(20)14(19)10-4-3-9(17)7-12(10)22-16/h2-7,17-18,20H,1H3","3,7-dihydroxy-2-(4-hydroxy-3-methoxyphenyl)chromen-4-one",1,https://dx.doi.org/10.2174%2F2213988501307010021
COc1cc(F)cc(c1)[C@H](NC(=O)[C@H](N1Cc2c(C1=O)cc(cc2)c1nc(ncc1Cl)NC1CCOCC1)C)CO,"(alphaR)-6-[5-chloro-2-[(tetrahydro-2H-pyran-4-yl)amino]-4-pyrimidinyl]-N-[(1S)-1-(3-fluoro-5-methoxyphenyl)-2-hydroxyethyl]-1,3-dihydro-alpha-methyl-1-oxo-2H-isoindole-2-acetamide",129053037,"1S/C29H31ClFN5O5/c1-16(27(38)34-25(15-37)19-9-20(31)12-22(10-19)40-2)36-14-18-4-3-17(11-23(18)28(36)39)26-24(30)13-32-29(35-26)33-21-5-7-41-8-6-21/h3-4,9-13,16,21,25,37H,5-8,14-15H2,1-2H3,(H,34,38)(H,32,33,35)/t16-,25-/m1/s1",(2R)-2-[5-[5-chloro-2-(oxan-4-ylamino)pyrimidin-4-yl]-3-oxo-1H-isoindol-2-yl]-N-[(1S)-1-(3-fluoro-5-methoxyphenyl)-2-hydroxyethyl]propanamide,0,https://www.selleckchem.com/
COc1cc(O)c(c2c1C(=O)CC(O2)c1ccc(cc1)O)CC=C(C)C,Isoxanthohumol,513197,"1S/C21H22O5/c1-12(2)4-9-15-16(23)10-19(25-3)20-17(24)11-18(26-21(15)20)13-5-7-14(22)8-6-13/h4-8,10,18,22-23H,9,11H2,1-3H3","7-hydroxy-2-(4-hydroxyphenyl)-5-methoxy-8-(3-methylbut-2-enyl)-2,3-dihydrochromen-4-one",0,https://www.selleckchem.com/
COc1cc2c(cc1c1c(C)noc1C)cc(c(=O)n2Cc1ccccn1)C,Bet-IN-4,118224658,"1S/C22H21N3O3/c1-13-9-16-10-18(21-14(2)24-28-15(21)3)20(27-4)11-19(16)25(22(13)26)12-17-7-5-6-8-23-17/h5-11H,12H2,1-4H3","6-(3,5-dimethyl-1,2-oxazol-4-yl)-7-methoxy-3-methyl-1-(pyridin-2-ylmethyl)quinolin-2-one",0,https://www.selleckchem.com/
COc1cc2c(cc1OC)CCN([C@@H]2Cc1ccc(cc1)Oc1cc(ccc1O)C[C@H]1N(C)CCc2c1cc(OC)c(c2)OC)C,Dauricine,73400,"1S/C38H44N2O6/c1-39-15-13-26-20-35(42-3)37(44-5)22-29(26)31(39)17-24-7-10-28(11-8-24)46-34-19-25(9-12-33(34)41)18-32-30-23-38(45-6)36(43-4)21-27(30)14-16-40(32)2/h7-12,19-23,31-32,41H,13-18H2,1-6H3/t31-,32-/m1/s1","4-[[(1R)-6,7-dimethoxy-2-methyl-3,4-dihydro-1H-isoquinolin-1-yl]methyl]-2-[4-[[(1R)-6,7-dimethoxy-2-methyl-3,4-dihydro-1H-isoquinolin-1-yl]methyl]phenoxy]phenol",0,https://www.selleckchem.com/
COc1cc2c(cc1OCCOCCN(C)C)nc(nc2NC1CCN(CC1)C)N1CCCN(CC1)C,"7-(2-(2-(Dimethylamino)ethoxy)ethoxy)-6-methoxy-2-(4-methyl-1,4-diazepan-1-yl)-N-(1-methylpiperidin-4-yl)quinazolin-4-amine",46901937,"1S/C27H45N7O3/c1-31(2)15-16-36-17-18-37-25-20-23-22(19-24(25)35-5)26(28-21-7-11-33(4)12-8-21)30-27(29-23)34-10-6-9-32(3)13-14-34/h19-21H,6-18H2,1-5H3,(H,28,29,30)","7-[2-[2-(dimethylamino)ethoxy]ethoxy]-6-methoxy-2-(4-methyl-1,4-diazepan-1-yl)-N-(1-methylpiperidin-4-yl)quinazolin-4-amine",1,https://pubmed.ncbi.nlm.nih.gov/32877824/
COc1cc2c(ccnc2cc1OC)Oc1ccc(cc1)NC(=O)C1(CC1)C(=O)Nc1ccc(cc1)F,Cabozantinib,25102847,"1S/C28H24FN3O5/c1-35-24-15-21-22(16-25(24)36-2)30-14-11-23(21)37-20-9-7-19(8-10-20)32-27(34)28(12-13-28)26(33)31-18-5-3-17(29)4-6-18/h3-11,14-16H,12-13H2,1-2H3,(H,31,33)(H,32,34)","1-N-[4-(6,7-dimethoxyquinolin-4-yl)oxyphenyl]-1-N'-(4-fluorophenyl)cyclopropane-1,1-dicarboxamide",1,https://link.springer.com/article/10.1007/s13238-021-00872-5#Sec2
COc1cc2c(ncnc2cc1OC)Nc1cccc(c1)Cl,"N-(3-chlorophenyl)-6,7-dimethoxyquinazolin-4-amine",2051,"1S/C16H14ClN3O2/c1-21-14-7-12-13(8-15(14)22-2)18-9-19-16(12)20-11-5-3-4-10(17)6-11/h3-9H,1-2H3,(H,18,19,20)","N-(3-chlorophenyl)-6,7-dimethoxyquinazolin-4-amine",0,https://doi.org/10.1152/ajpcell.00142.2005
COc1cc2cc(Oc3ccc4c(c3)oc(=O)cc4)c(=O)oc2cc1O,Daphnoretin,5281406,"1S/C19H12O7/c1-23-16-6-11-7-17(19(22)26-15(11)9-13(16)20)24-12-4-2-10-3-5-18(21)25-14(10)8-12/h2-9,20H,1H3",7-hydroxy-6-methoxy-3-(2-oxochromen-7-yl)oxychromen-2-one,1,https://www.selleckchem.com/
COc1cc2CCN([C@@H](c2cc1Oc1cc(ccc1O)C[C@H]1N(C)CCc2c1cc(OC)c(c2)OC)Cc1ccc(cc1)O)C,Liensinine,160644,"1S/C37H42N2O6/c1-38-14-13-26-20-35(43-4)37(22-29(26)30(38)16-23-6-9-27(40)10-7-23)45-33-18-24(8-11-32(33)41)17-31-28-21-36(44-5)34(42-3)19-25(28)12-15-39(31)2/h6-11,18-22,30-31,40-41H,12-17H2,1-5H3/t30-,31-/m1/s1","4-[[(1R)-6,7-dimethoxy-2-methyl-3,4-dihydro-1H-isoquinolin-1-yl]methyl]-2-[[(1R)-1-[(4-hydroxyphenyl)methyl]-6-methoxy-2-methyl-3,4-dihydro-1H-isoquinolin-7-yl]oxy]phenol",0,https://www.selleckchem.com/
COc1ccc(cc1)[C@@H]1N(CCc2c1[nH]c1c2cc(cc1)Cl)C(=O)Oc1ccc(cc1)Cl,"(4-chlorophenyl) (1S)-6-chloro-1-(4-methoxyphenyl)-1,3,4,9-tetrahydropyrido[3,4-b]indole-2-carboxylate",49787172,"1S/C25H20Cl2N2O3/c1-31-18-7-2-15(3-8-18)24-23-20(21-14-17(27)6-11-22(21)28-23)12-13-29(24)25(30)32-19-9-4-16(26)5-10-19/h2-11,14,24,28H,12-13H2,1H3/t24-/m0/s1","(4-chlorophenyl) (1S)-6-chloro-1-(4-methoxyphenyl)-1,3,4,9-tetrahydropyrido[3,4-b]indole-2-carboxylate",0,https://www.selleckchem.com/
COc1ccc(cc1)C(=C1C(=O)Nc2c1cccc2)c1ccc(cc1)OC,3-[Bis(4-methoxyphenyl)methylidene]-1H-indol-2-one,9885087,"1S/C23H19NO3/c1-26-17-11-7-15(8-12-17)21(16-9-13-18(27-2)14-10-16)22-19-5-3-4-6-20(19)24-23(22)25/h3-14H,1-2H3,(H,24,25)",3-[bis(4-methoxyphenyl)methylidene]-1H-indol-2-one,0,https://www.selleckchem.com/
COc1ccc(cc1)C[C@H]1N(C)CCc2c1cc(Oc1cc(ccc1O)C[C@H]1N(C)CCc3c1cc(O)c(c3)OC)c(c2)OC,Isoliensinine,5274591,"1S/C37H42N2O6/c1-38-15-13-26-20-36(44-5)37(22-29(26)30(38)16-23-6-9-27(42-3)10-7-23)45-35-18-24(8-11-32(35)40)17-31-28-21-33(41)34(43-4)19-25(28)12-14-39(31)2/h6-11,18-22,30-31,40-41H,12-17H2,1-5H3/t30-,31-/m1/s1","(1R)-1-[[4-hydroxy-3-[[(1R)-6-methoxy-1-[(4-methoxyphenyl)methyl]-2-methyl-3,4-dihydro-1H-isoquinolin-7-yl]oxy]phenyl]methyl]-6-methoxy-2-methyl-3,4-dihydro-1H-isoquinolin-7-ol",0,https://www.selleckchem.com/
COc1ccc(cc1)c1cc(=O)c2c(o1)c(OC)c(c(c2OC)OC)OC,Tangeretin,68077,"1S/C20H20O7/c1-22-12-8-6-11(7-9-12)14-10-13(21)15-16(23-2)18(24-3)20(26-5)19(25-4)17(15)27-14/h6-10H,1-5H3","5,6,7,8-tetramethoxy-2-(4-methoxyphenyl)chromen-4-one",0,https://www.selleckchem.com/
COc1ccc(cc1)c1nc2ccc(nc2n(c1=O)CCNC(=O)C)NCc1ccc(c(c1)Cl)Cl,"N-(2-(6-((3,4-Dichlorobenzyl)amino)-2-(4-methoxyphenyl)-3-oxopyrido[2,3-b]pyrazin-4(3H)-yl)ethyl)acetamide",24830385,"1S/C25H23Cl2N5O3/c1-15(33)28-11-12-32-24-21(30-23(25(32)34)17-4-6-18(35-2)7-5-17)9-10-22(31-24)29-14-16-3-8-19(26)20(27)13-16/h3-10,13H,11-12,14H2,1-2H3,(H,28,33)(H,29,31)","N-[2-[6-[(3,4-dichlorophenyl)methylamino]-2-(4-methoxyphenyl)-3-oxopyrido[2,3-b]pyrazin-4-yl]ethyl]acetamide",0,https://www.selleckchem.com/
COc1ccc2c(c1)c(CCNC(=O)C)c[nH]2,Melatonin,896,"1S/C13H16N2O2/c1-9(16)14-6-5-10-8-15-13-4-3-11(17-2)7-12(10)13/h3-4,7-8,15H,5-6H2,1-2H3,(H,14,16)",N-[2-(5-methoxy-1H-indol-3-yl)ethyl]acetamide,1,https://pubmed.ncbi.nlm.nih.gov/30644149/
COc1ccc2c(c1)c1ccnc(c1[nH]2)c1cccc2c1cccc2,"6-methoxy-1-naphthalen-1-yl-9H-pyrido[3,4-b]indole",59620153,"1S/C22H16N2O/c1-25-15-9-10-20-19(13-15)18-11-12-23-21(22(18)24-20)17-8-4-6-14-5-2-3-7-16(14)17/h2-13,24H,1H3","6-methoxy-1-naphthalen-1-yl-9H-pyrido[3,4-b]indole",0,https://www.selleckchem.com/
COc1ccc2c(c1)CC[C@@H]1[C@@H]2CC[C@]2([C@H]1CC[C@@H]2NCCCCCCN1C(=O)C=CC1=O)C,"1-(6-((3-Methoxyestra-1,3,5(10)-trien-17-yl)amino)hexyl)-1H-pyrrole-2,5-dione",104794,"1S/C29H40N2O3/c1-29-16-15-23-22-10-8-21(34-2)19-20(22)7-9-24(23)25(29)11-12-26(29)30-17-5-3-4-6-18-31-27(32)13-14-28(31)33/h8,10,13-14,19,23-26,30H,3-7,9,11-12,15-18H2,1-2H3/t23-,24-,25+,26+,29+/m1/s1","1-[6-[[(8R,9S,13S,14S,17S)-3-methoxy-13-methyl-6,7,8,9,11,12,14,15,16,17-decahydrocyclopenta[a]phenanthren-17-yl]amino]hexyl]pyrrole-2,5-dione",1,https://pubmed.ncbi.nlm.nih.gov/32742325/
COc1cccc(c1N)c1cc(=O)c2c(o1)cccc2,2-(2-Amino-3-methoxyphenyl)-4H-1-benzopyran-4-one,4713,"1S/C16H13NO3/c1-19-14-8-4-6-11(16(14)17)15-9-12(18)10-5-2-3-7-13(10)20-15/h2-9H,17H2,1H3",2-(2-amino-3-methoxyphenyl)chromen-4-one,0,https://doi.org/10.1152/ajpcell.00142.2005
COc1ccccc1n1c(/C=C/c2ccc(c(c2)O)O)nc2c(c1=O)cccc2,"2-[2-(3,4-Dihydroxy-phenyl)-vinyl]-3-(2-methoxy-phenyl)-3H-quinazolin-4-one",135500267,"1S/C23H18N2O4/c1-29-21-9-5-4-8-18(21)25-22(13-11-15-10-12-19(26)20(27)14-15)24-17-7-3-2-6-16(17)23(25)28/h2-14,26-27H,1H3/b13-11+","2-[(E)-2-(3,4-dihydroxyphenyl)ethenyl]-3-(2-methoxyphenyl)quinazolin-4-one",0,https://www.selleckchem.com/
CSCC[C@@H](C(=N[C@H](C(=N[C@H](C(=N[C@H](C(=N[C@H](C(=N[C@H](C(=N[C@H](C(=N[C@H](C(=O)N1CCC[C@H]1C(=NCC(=N[C@H](C(=O)O)CS)O)O)CO)O)CC(C)C)O)CC(=O)O)O)CC(C)C)O)CCC(=N)O)O)Cc1c[nH]c2c1cccc2)O)CC(C)C)O)N=C([C@@H](N=C([C@@H](N=C([C@@H](N=C([C@@H](N=C(CN=C([C@@H](N=C([C@H](CC(C)C)N)O)CCC(=N)O)O)O)CO)O)CC(C)C)O)CCC(=N)O)O)CC(=O)O)O,Leptin (150-167) (human),90470904,"1S/C87H138N22O28S2/c1-41(2)27-48(88)72(121)97-50(18-21-65(89)112)73(122)93-36-68(115)95-61(38-110)84(133)104-54(28-42(3)4)77(126)98-52(20-23-67(91)114)75(124)106-59(33-70(117)118)82(131)100-53(24-26-139-11)76(125)102-55(29-43(5)6)78(127)105-58(32-46-35-92-49-16-13-12-15-47(46)49)81(130)99-51(19-22-66(90)113)74(123)101-56(30-44(7)8)79(128)107-60(34-71(119)120)83(132)103-57(31-45(9)10)80(129)108-62(39-111)86(135)109-25-14-17-64(109)85(134)94-37-69(116)96-63(40-138)87(136)137/h12-13,15-16,35,41-45,48,50-64,92,110-111,138H,14,17-34,36-40,88H2,1-11H3,(H2,89,112)(H2,90,113)(H2,91,114)(H,93,122)(H,94,134)(H,95,115)(H,96,116)(H,97,121)(H,98,126)(H,99,130)(H,100,131)(H,101,123)(H,102,125)(H,103,132)(H,104,133)(H,105,127)(H,106,124)(H,107,128)(H,108,129)(H,117,118)(H,119,120)(H,136,137)/t48-,50-,51-,52-,53-,54-,55-,56-,57-,58-,59-,60-,61-,62-,63-,64-/m0/s1","(3S)-3-[[(2S)-5-amino-2-[[(2S)-2-[[(2S)-2-[[2-[[(2S)-5-amino-2-[[(2S)-2-amino-4-methylpentanoyl]amino]-5-oxopentanoyl]amino]acetyl]amino]-3-hydroxypropanoyl]amino]-4-methylpentanoyl]amino]-5-oxopentanoyl]amino]-4-[[(2S)-1-[[(2S)-1-[[(2S)-1-[[(2S)-5-amino-1-[[(2S)-1-[[(2S)-3-carboxy-1-[[(2S)-1-[[(2S)-1-[(2S)-2-[[2-[[(1R)-1-carboxy-2-sulfanylethyl]amino]-2-oxoethyl]carbamoyl]pyrrolidin-1-yl]-3-hydroxy-1-oxopropan-2-yl]amino]-4-methyl-1-oxopentan-2-yl]amino]-1-oxopropan-2-yl]amino]-4-methyl-1-oxopentan-2-yl]amino]-1,5-dioxopentan-2-yl]amino]-3-(1H-indol-3-yl)-1-oxopropan-2-yl]amino]-4-methyl-1-oxopentan-2-yl]amino]-4-methylsulfanyl-1-oxobutan-2-yl]amino]-4-oxobutanoic acid",1,https://pubmed.ncbi.nlm.nih.gov/21335656/
FC(C(C(C(C(S(=O)(=O)O)(F)F)(F)F)(F)F)(F)F)(C(C(C(F)(F)F)(F)F)(F)F)F,Perfluorooctanesulfonic acid,74483,"1S/C8HF17O3S/c9-1(10,3(13,14)5(17,18)7(21,22)23)2(11,12)4(15,16)6(19,20)8(24,25)29(26,27)28/h(H,26,27,28)","1,1,2,2,3,3,4,4,5,5,6,6,7,7,8,8,8-heptadecafluorooctane-1-sulfonic acid",1,https://pubmed.ncbi.nlm.nih.gov/29063134/
FC(CN(S(=O)(=O)c1ccccc1)c1ccc(cc1)C(C(F)(F)F)(C(F)(F)F)O)(F)F,"N-(2,2,2-Trifluoroethyl)-N-{4-[2,2,2-trifluoro-1-hydroxy-1-(trifluoromethyl)ethyl]phenyl}benzenesulfonamide",447912,"1S/C17H12F9NO3S/c18-14(19,20)10-27(31(29,30)13-4-2-1-3-5-13)12-8-6-11(7-9-12)15(28,16(21,22)23)17(24,25)26/h1-9,28H,10H2","N-[4-(1,1,1,3,3,3-hexafluoro-2-hydroxypropan-2-yl)phenyl]-N-(2,2,2-trifluoroethyl)benzenesulfonamide",1,https://www.selleckchem.com/
Fc1c[nH]c(=O)[nH]c1=O,Fluorouracil,3385,"1S/C4H3FN2O2/c5-2-1-6-4(9)7-3(2)8/h1H,(H2,6,7,8,9)","5-fluoro-1H-pyrimidine-2,4-dione",0,https://academic.oup.com/toxsci/article/105/1/119/1664490
Fc1ccc(cc1)[C@@H]1CCNC[C@H]1COc1ccc2c(c1)OCO2,Paroxetine,43815,"1S/C19H20FNO3/c20-15-3-1-13(2-4-15)17-7-8-21-10-14(17)11-22-16-5-6-18-19(9-16)24-12-23-18/h1-6,9,14,17,21H,7-8,10-12H2/t14-,17-/m0/s1","(3S,4R)-3-(1,3-benzodioxol-5-yloxymethyl)-4-(4-fluorophenyl)piperidine",1,https://pubmed.ncbi.nlm.nih.gov/17473392/
N[C@H](C(=O)O)CSCC=C,S-allyl-L-cysteine,9793905,"1S/C6H11NO2S/c1-2-3-10-4-5(7)6(8)9/h2,5H,1,3-4,7H2,(H,8,9)/t5-/m0/s1",(2R)-2-amino-3-prop-2-enylsulfanylpropanoic acid,1,https://pubmed.ncbi.nlm.nih.gov/32141582/
N#C[C@@H]1C[C@H]2[C@@H](N1C(=O)[C@H](C13CC4CC(C1)CC(C3)(C4)O)N)C2,Saxagliptin,11243969,"1S/C18H25N3O2/c19-8-13-2-12-3-14(12)21(13)16(22)15(20)17-4-10-1-11(5-17)7-18(23,6-10)9-17/h10-15,23H,1-7,9,20H2/t10?,11?,12-,13+,14+,15-,17?,18?/m1/s1","(1S,3S,5S)-2-[(2S)-2-amino-2-(3-hydroxy-1-adamantyl)acetyl]-2-azabicyclo[3.1.0]hexane-3-carbonitrile",1,https://pubmed.ncbi.nlm.nih.gov/29230196/
N#Cc1ccc(cc1C(F)(F)F)NC(=O)C(CS(=O)(=O)c1ccc(cc1)F)(O)C,Bicalutamide,2375,"1S/C18H14F4N2O4S/c1-17(26,10-29(27,28)14-6-3-12(19)4-7-14)16(25)24-13-5-2-11(9-23)15(8-13)18(20,21)22/h2-8,26H,10H2,1H3,(H,24,25)",N-[4-cyano-3-(trifluoromethyl)phenyl]-3-(4-fluorophenyl)sulfonyl-2-hydroxy-2-methylpropanamide,1,https://link.springer.com/article/10.1007/s13238-021-00872-5#Sec2
N#CCC1(CN(C1)S(=O)(=O)CC)n1ncc(c1)c1ncnc2c1cc[nH]2,Baricitinib,44205240,"1S/C16H17N7O2S/c1-2-26(24,25)22-9-16(10-22,4-5-17)23-8-12(7-21-23)14-13-3-6-18-15(13)20-11-19-14/h3,6-8,11H,2,4,9-10H2,1H3,(H,18,19,20)","2-[1-ethylsulfonyl-3-[4-(7H-pyrrolo[2,3-d]pyrimidin-4-yl)pyrazol-1-yl]azetidin-3-yl]acetonitrile",1,https://link.springer.com/article/10.1007/s13238-021-00872-5#Sec2
n1ccc(cc1)Nc1ccc(cc1)NCCc1c[nH]c2c1cccc2,Serdemetan,11609586,"1S/C21H20N4/c1-2-4-21-20(3-1)16(15-24-21)9-14-23-17-5-7-18(8-6-17)25-19-10-12-22-13-11-19/h1-8,10-13,15,23-24H,9,14H2,(H,22,25)","1-N-[2-(1H-indol-3-yl)ethyl]-4-N-pyridin-4-ylbenzene-1,4-diamine",1,https://www.selleckchem.com/
NC(=Nc1ccccc1)N=C(N)N,1-Phenylbiguanide,4780,"1S/C8H11N5/c9-7(10)13-8(11)12-6-4-2-1-3-5-6/h1-5H,(H6,9,10,11,12,13)",1-(diaminomethylidene)-2-phenylguanidine,1,https://pubmed.ncbi.nlm.nih.gov/17294041/
NC(=O)C[C@@H]1NC(=O)[C@H](CCC(=O)N)NC(=O)[C@H](Cc2ccccc2)NC(=O)[C@H](Cc2ccc(cc2)O)NC(=O)[C@H](CSSC[C@H](NC1=O)C(=O)N1CCC[C@H]1C(=O)N[C@H](C(=O)NCC(=O)N)CCCN=C(N)N)N,Argipressin,644077,"1S/C46H65N15O12S2/c47-27-22-74-75-23-33(45(73)61-17-5-9-34(61)44(72)56-28(8-4-16-53-46(51)52)39(67)54-21-37(50)65)60-43(71)32(20-36(49)64)59-40(68)29(14-15-35(48)63)55-41(69)31(18-24-6-2-1-3-7-24)58-42(70)30(57-38(27)66)19-25-10-12-26(62)13-11-25/h1-3,6-7,10-13,27-34,62H,4-5,8-9,14-23,47H2,(H2,48,63)(H2,49,64)(H2,50,65)(H,54,67)(H,55,69)(H,56,72)(H,57,66)(H,58,70)(H,59,68)(H,60,71)(H4,51,52,53)/t27-,28-,29-,30-,31-,32-,33-,34-/m0/s1","(2S)-1-[(4R,7S,10S,13S,16S,19R)-19-amino-7-(2-amino-2-oxoethyl)-10-(3-amino-3-oxopropyl)-13-benzyl-16-[(4-hydroxyphenyl)methyl]-6,9,12,15,18-pentaoxo-1,2-dithia-5,8,11,14,17-pentazacycloicosane-4-carbonyl]-N-[(2S)-1-[(2-amino-2-oxoethyl)amino]-5-(diaminomethylideneamino)-1-oxopentan-2-yl]pyrrolidine-2-carboxamide",1,https://pubmed.ncbi.nlm.nih.gov/11352836/
NC(=O)CC[C@@H](C(=O)O)N,Glutamine,5961,"1S/C5H10N2O3/c6-3(5(9)10)1-2-4(7)8/h3H,1-2,6H2,(H2,7,8)(H,9,10)/t3-/m0/s1","(2S)-2,5-diamino-5-oxopentanoic acid",1,https://pubmed.ncbi.nlm.nih.gov/26045471/
NC(=O)NO,Hydroxyurea,3657,"1S/CH4N2O2/c2-1(4)3-5/h5H,(H3,2,3,4)",hydroxyurea,0,https://academic.oup.com/toxsci/article/105/1/119/1664490
Nc1ccc2c(c1)C(=O)N(C2=O)c1c(cccc1C(C)C)C(C)C,"1H-Isoindole-1,3(2H)-dione, 5-amino-2-[2,6-bis(1-methylethyl)phenyl]-",1235479,"1S/C20H22N2O2/c1-11(2)14-6-5-7-15(12(3)4)18(14)22-19(23)16-9-8-13(21)10-17(16)20(22)24/h5-12H,21H2,1-4H3","5-amino-2-[2,6-di(propan-2-yl)phenyl]isoindole-1,3-dione",0,https://www.selleckchem.com/
Nc1ccccc1O,2-Aminophenol,5801,"1S/C6H7NO/c7-5-3-1-2-4-6(5)8/h1-4,8H,7H2",2-aminophenol,1,https://pubmed.ncbi.nlm.nih.gov/30399599/
Nc1ncnc(c1)Nc1cc(C)c2n(c1=O)C1(CCCCC1)NC2=O,Tomivosertib,118598754,"1S/C17H20N6O2/c1-10-7-11(21-13-8-12(18)19-9-20-13)16(25)23-14(10)15(24)22-17(23)5-3-2-4-6-17/h7-9H,2-6H2,1H3,(H,22,24)(H3,18,19,20,21)","6-[(6-aminopyrimidin-4-yl)amino]-8-methylspiro[2H-imidazo[1,5-a]pyridine-3,1'-cyclohexane]-1,5-dione",0,https://www.selleckchem.com/
NCCCCC1NC(=O)C(CSSCC(NC(=O)C(CO)NC(=O)C(NC(=O)C(Cc2ccccc2)NC(=O)C(NC(=O)C(NC(=O)C(NC(=O)C(NC(=O)C(NC(=O)C(NC1=O)CC(=O)N)Cc1ccccc1)Cc1ccccc1)Cc1c[nH]c2c1cccc2)CCCCN)C(O)C)C(O)C)C(=O)O)NC(=O)CNC(=O)C(N)C,Somatostatin acetate,16129681,"1S/C76H104N18O19S2/c1-41(79)64(100)82-37-61(99)83-58-39-114-115-40-59(76(112)113)92-72(108)57(38-95)91-75(111)63(43(3)97)94-71(107)54(33-46-23-11-6-12-24-46)90-74(110)62(42(2)96)93-66(102)51(28-16-18-30-78)84-69(105)55(34-47-36-81-49-26-14-13-25-48(47)49)88-68(104)53(32-45-21-9-5-10-22-45)86-67(103)52(31-44-19-7-4-8-20-44)87-70(106)56(35-60(80)98)89-65(101)50(85-73(58)109)27-15-17-29-77/h4-14,19-26,36,41-43,50-59,62-63,81,95-97H,15-18,27-35,37-40,77-79H2,1-3H3,(H2,80,98)(H,82,100)(H,83,99)(H,84,105)(H,85,109)(H,86,103)(H,87,106)(H,88,104)(H,89,101)(H,90,110)(H,91,111)(H,92,108)(H,93,102)(H,94,107)(H,112,113)","19,34-bis(4-aminobutyl)-31-(2-amino-2-oxoethyl)-37-[[2-(2-aminopropanoylamino)acetyl]amino]-13,25,28-tribenzyl-10,16-bis(1-hydroxyethyl)-7-(hydroxymethyl)-22-(1H-indol-3-ylmethyl)-6,9,12,15,18,21,24,27,30,33,36-undecaoxo-1,2-dithia-5,8,11,14,17,20,23,26,29,32,35-undecazacyclooctatriacontane-4-carboxylic acid",0,https://www.selleckchem.com/
NCCCNCCSP(=O)(O)O,Amifostine,2141,"1S/C5H15N2O3PS/c6-2-1-3-7-4-5-12-11(8,9)10/h7H,1-6H2,(H2,8,9,10)",2-(3-aminopropylamino)ethylsulfanylphosphonic acid,1,https://pubmed.ncbi.nlm.nih.gov/30728842/
NCCO,Ethanolamine,700,"1S/C2H7NO/c3-1-2-4/h4H,1-3H2",2-aminoethanol,1,https://pubmed.ncbi.nlm.nih.gov/27083163/
NCCOB(c1ccccc1)c1ccccc1,2-Aminoethyl diphenylborinate,1598,"1S/C14H16BNO/c16-11-12-17-15(13-7-3-1-4-8-13)14-9-5-2-6-10-14/h1-10H,11-12,16H2",2-diphenylboranyloxyethanamine,1,https://pubmed.ncbi.nlm.nih.gov/32742325/
O.O.O.O.[Cl-].[Cl-].[Mn+2],tetrahydrate Manganese(II) chloride,26003,1S/2ClH.Mn.4H2O/h2*1H;;4*1H2/q;;+2;;;;/p-2,manganese(2+);dichloride;tetrahydrate,1,https://link.springer.com/article/10.1007/s13238-021-00872-5#Sec2
O[C@@H]1CC[C@]2([C@@H](C1)C[C@H]([C@@H]1[C@@H]2CC[C@]2([C@H]1CC[C@@H]2[C@@H](CCC(=O)NCC(=O)O)C)C)O)C,Glycochenodeoxycholic acid,12544,"1S/C26H43NO5/c1-15(4-7-22(30)27-14-23(31)32)18-5-6-19-24-20(9-11-26(18,19)3)25(2)10-8-17(28)12-16(25)13-21(24)29/h15-21,24,28-29H,4-14H2,1-3H3,(H,27,30)(H,31,32)/t15-,16+,17-,18-,19+,20+,21-,24+,25+,26-/m1/s1","2-[[(4R)-4-[(3R,5S,7R,8R,9S,10S,13R,14S,17R)-3,7-dihydroxy-10,13-dimethyl-2,3,4,5,6,7,8,9,11,12,14,15,16,17-tetradecahydro-1H-cyclopenta[a]phenanthren-17-yl]pentanoyl]amino]acetic acid",1,https://pubmed.ncbi.nlm.nih.gov/22790215/
O[C@H]1C[C@H](N(C1)C(=O)[C@H](C(C)(C)C)NC(=O)C1(F)CC1)C(=O)NCc1ccc(cc1OCCOc1ccc(cc1)CN1CCN(CC1)c1cc(nnc1N)c1ccccc1O)c1scnc1C,cis-ACBI1,137628618,"1S/C49H58FN9O7S/c1-30-42(67-29-53-30)32-11-12-33(26-52-45(62)39-24-34(60)28-59(39)46(63)43(48(2,3)4)54-47(64)49(50)15-16-49)41(23-32)66-22-21-65-35-13-9-31(10-14-35)27-57-17-19-58(20-18-57)38-25-37(55-56-44(38)51)36-7-5-6-8-40(36)61/h5-14,23,25,29,34,39,43,60-61H,15-22,24,26-28H2,1-4H3,(H2,51,56)(H,52,62)(H,54,64)/t34-,39-,43+/m0/s1","(2S,4S)-N-[[2-[2-[4-[[4-[3-amino-6-(2-hydroxyphenyl)pyridazin-4-yl]piperazin-1-yl]methyl]phenoxy]ethoxy]-4-(4-methyl-1,3-thiazol-5-yl)phenyl]methyl]-1-[(2S)-2-[(1-fluorocyclopropanecarbonyl)amino]-3,3-dimethylbutanoyl]-4-hydroxypyrrolidine-2-carboxamide",0,https://www.selleckchem.com/
O[C@H]1C[C@H](O)C(=C)/C(=C\C=C\2/CCC[C@]3([C@H]2CC[C@@H]3[C@@H](/C=C/[C@H](C2CC2)O)C)C)/C1,Calcipotriol,5288783,"1S/C27H40O3/c1-17(6-13-25(29)20-8-9-20)23-11-12-24-19(5-4-14-27(23,24)3)7-10-21-15-22(28)16-26(30)18(21)2/h6-7,10,13,17,20,22-26,28-30H,2,4-5,8-9,11-12,14-16H2,1,3H3/b13-6+,19-7+,21-10-/t17-,22-,23-,24+,25-,26+,27-/m1/s1","(1R,3S,5Z)-5-[(2E)-2-[(1R,3aS,7aR)-1-[(E,2R,5S)-5-cyclopropyl-5-hydroxypent-3-en-2-yl]-7a-methyl-2,3,3a,5,6,7-hexahydro-1H-inden-4-ylidene]ethylidene]-4-methylidenecyclohexane-1,3-diol",0,https://www.selleckchem.com/
O[C@H]1C[C@H](O)CC(=C/C=C/2\CCC[C@]3([C@H]2CC[C@@H]3[C@@H](/C=C/[C@@H](C(O)(C)C)C)C)C)C1,Paricalcitol,5281104,"1S/C27H44O3/c1-18(8-9-19(2)26(3,4)30)24-12-13-25-21(7-6-14-27(24,25)5)11-10-20-15-22(28)17-23(29)16-20/h8-11,18-19,22-25,28-30H,6-7,12-17H2,1-5H3/b9-8+,21-11+/t18-,19+,22-,23-,24-,25+,27-/m1/s1","(1R,3R)-5-[(2E)-2-[(1R,3aS,7aR)-1-[(E,2R,5S)-6-hydroxy-5,6-dimethylhept-3-en-2-yl]-7a-methyl-2,3,3a,5,6,7-hexahydro-1H-inden-4-ylidene]ethylidene]cyclohexane-1,3-diol",1,https://www.selleckchem.com/
O[C@H]1CC[C@]2([C@](C1)(O)CC[C@@H]1[C@@H]2CC[C@]2([C@]31O[C@@H]3[C@@H]([C@@H]2c1ccc(=O)oc1)OC(=O)C)C)C,Cinobufotalin,259776,"1S/C26H34O7/c1-14(27)32-21-20(15-4-5-19(29)31-13-15)24(3)10-7-17-18(26(24)22(21)33-26)8-11-25(30)12-16(28)6-9-23(17,25)2/h4-5,13,16-18,20-22,28,30H,6-12H2,1-3H3/t16-,17-,18+,20-,21+,22+,23+,24+,25-,26+/m0/s1","[(1R,2S,4R,5R,6R,7R,10S,11R,14S,16S)-14,16-dihydroxy-7,11-dimethyl-6-(6-oxopyran-3-yl)-3-oxapentacyclo[8.8.0.02,4.02,7.011,16]octadecan-5-yl] acetate",0,https://www.selleckchem.com/
O/N=C/1\CC[C@H]2C(=C1)CC[C@@H]1[C@@H]2CC[C@]2([C@H]1CC[C@]2(C#C)OC(=O)C)CC,Norgestimate,6540478,"1S/C23H31NO3/c1-4-22-12-10-19-18-9-7-17(24-26)14-16(18)6-8-20(19)21(22)11-13-23(22,5-2)27-15(3)25/h2,14,18-21,26H,4,6-13H2,1,3H3/b24-17+/t18-,19+,20+,21-,22-,23-/m0/s1","[(3E,8R,9S,10R,13S,14S,17R)-13-ethyl-17-ethynyl-3-hydroxyimino-1,2,6,7,8,9,10,11,12,14,15,16-dodecahydrocyclopenta[a]phenanthren-17-yl] acetate",1,https://pubmed.ncbi.nlm.nih.gov/20943809/
O=C([C@@H](c1ccc(cc1)O)N)N[C@@H]1C(=O)N2[C@@H]1SC([C@@H]2C(=O)O)(C)C,Amoxicillin,33613,"1S/C16H19N3O5S/c1-16(2)11(15(23)24)19-13(22)10(14(19)25-16)18-12(21)9(17)7-3-5-8(20)6-4-7/h3-6,9-11,14,20H,17H2,1-2H3,(H,18,21)(H,23,24)/t9-,10-,11+,14-/m1/s1","(2S,5R,6R)-6-[[(2R)-2-amino-2-(4-hydroxyphenyl)acetyl]amino]-3,3-dimethyl-7-oxo-4-thia-1-azabicyclo[3.2.0]heptane-2-carboxylic acid",1,https://link.springer.com/article/10.1007/s13238-021-00872-5#Sec2
O=C(c1c[nH]c2c1cccn2)N=c1sccn1Cc1ccccc1,Truli,71890885,"1S/C18H14N4OS/c23-17(15-11-20-16-14(15)7-4-8-19-16)21-18-22(9-10-24-18)12-13-5-2-1-3-6-13/h1-11H,12H2,(H,19,20)","N-(3-benzyl-1,3-thiazol-2-ylidene)-1H-pyrrolo[2,3-b]pyridine-3-carboxamide",0,https://www.selleckchem.com/
O=C(c1ccccc1c1ccc(cc1)C(F)(F)F)NC1CCN(CC1)CCCCC1(C(=O)NCC(F)(F)F)c2ccccc2c2c1cccc2,Lomitapide,9853053,"1S/C39H37F6N3O2/c40-38(41,42)25-46-36(50)37(33-13-5-3-10-30(33)31-11-4-6-14-34(31)37)21-7-8-22-48-23-19-28(20-24-48)47-35(49)32-12-2-1-9-29(32)26-15-17-27(18-16-26)39(43,44)45/h1-6,9-18,28H,7-8,19-25H2,(H,46,50)(H,47,49)","N-(2,2,2-trifluoroethyl)-9-[4-[4-[[2-[4-(trifluoromethyl)phenyl]benzoyl]amino]piperidin-1-yl]butyl]fluorene-9-carboxamide",1,https://link.springer.com/article/10.1007/s13238-021-00872-5#Sec2
O=C(CN1CCC(CC1)c1cc(OC(C)C)c(cc1C)Nc1ncc(c(n1)Nc1ccccc1S(=O)(=O)C(C)C)Cl)NCCNc1cccc2c1C(=O)N(C2=O)C1CCC(=O)NC1=O,"2-(4-(4-((5-Chloro-4-((2-(isopropylsulfonyl)phenyl)amino)pyrimidin-2-yl)amino)-5-isopropoxy-2-methylphenyl)piperidin-1-yl)-N-(2-((2-(2,6-dioxopiperidin-3-yl)-1,3-dioxoisoindolin-4-yl)amino)ethyl)acetamide",137628668,"1S/C45H52ClN9O8S/c1-25(2)63-36-22-30(27(5)21-34(36)51-45-49-23-31(46)41(53-45)50-32-10-6-7-12-37(32)64(61,62)26(3)4)28-15-19-54(20-16-28)24-39(57)48-18-17-47-33-11-8-9-29-40(33)44(60)55(43(29)59)35-13-14-38(56)52-42(35)58/h6-12,21-23,25-26,28,35,47H,13-20,24H2,1-5H3,(H,48,57)(H,52,56,58)(H2,49,50,51,53)","2-[4-[4-[[5-chloro-4-(2-propan-2-ylsulfonylanilino)pyrimidin-2-yl]amino]-2-methyl-5-propan-2-yloxyphenyl]piperidin-1-yl]-N-[2-[[2-(2,6-dioxopiperidin-3-yl)-1,3-dioxoisoindol-4-yl]amino]ethyl]acetamide",0,https://www.selleckchem.com/
O=C(COc1cccc2c1C(=O)N(C2=O)C1CCC(=O)NC1=O)NCCCCCCCN1CCC[C@H](C1)Nc1ncc(c(n1)Nc1ccccc1S(=O)(=O)C(C)C)Cl,"N-[7-[(3R)-3-[[5-chloro-4-(2-propan-2-ylsulfonylanilino)pyrimidin-2-yl]amino]piperidin-1-yl]heptyl]-2-[2-(2,6-dioxopiperidin-3-yl)-1,3-dioxoisoindol-4-yl]oxyacetamide",155235839,"1S/C40H49ClN8O8S/c1-25(2)58(55,56)32-16-7-6-14-29(32)45-36-28(41)22-43-40(47-36)44-26-12-11-21-48(23-26)20-9-5-3-4-8-19-42-34(51)24-57-31-15-10-13-27-35(31)39(54)49(38(27)53)30-17-18-33(50)46-37(30)52/h6-7,10,13-16,22,25-26,30H,3-5,8-9,11-12,17-21,23-24H2,1-2H3,(H,42,51)(H,46,50,52)(H2,43,44,45,47)/t26-,30?/m1/s1","N-[7-[(3R)-3-[[5-chloro-4-(2-propan-2-ylsulfonylanilino)pyrimidin-2-yl]amino]piperidin-1-yl]heptyl]-2-[2-(2,6-dioxopiperidin-3-yl)-1,3-dioxoisoindol-4-yl]oxyacetamide",0,https://www.selleckchem.com/
O=C(N[C@H](C(=O)O)CC(=O)O)Cc1cc(c2nc3c([nH]2)cc(cc3)C(=N)N)c(c(c1)c1cc(ccc1O)S(=O)(=O)N)O,Pci-27483,135425273,"1S/C26H24N6O9S/c27-24(28)12-1-3-17-18(8-12)32-25(31-17)16-6-11(7-21(34)30-19(26(38)39)10-22(35)36)5-15(23(16)37)14-9-13(42(29,40)41)2-4-20(14)33/h1-6,8-9,19,33,37H,7,10H2,(H3,27,28)(H,30,34)(H,31,32)(H,35,36)(H,38,39)(H2,29,40,41)/t19-/m0/s1",(2S)-2-[[2-[3-(6-carbamimidoyl-1H-benzimidazol-2-yl)-4-hydroxy-5-(2-hydroxy-5-sulfamoylphenyl)phenyl]acetyl]amino]butanedioic acid,0,https://www.selleckchem.com/
O=C(N1CCN(CC1)[C@@H](c1ccnc(c1)Nc1nc2c([nH]1)cc(cc2)c1ncnc(c1)N(C)C)C)CC(F)(F)F,"1-[4-[(1R)-1-[2-[[6-[6-(dimethylamino)pyrimidin-4-yl]-1H-benzimidazol-2-yl]amino]pyridin-4-yl]ethyl]piperazin-1-yl]-3,3,3-trifluoropropan-1-one",145925685,"1S/C27H30F3N9O/c1-17(38-8-10-39(11-9-38)25(40)15-27(28,29)30)18-6-7-31-23(13-18)36-26-34-20-5-4-19(12-22(20)35-26)21-14-24(37(2)3)33-16-32-21/h4-7,12-14,16-17H,8-11,15H2,1-3H3,(H2,31,34,35,36)/t17-/m1/s1","1-[4-[(1R)-1-[2-[[6-[6-(dimethylamino)pyrimidin-4-yl]-1H-benzimidazol-2-yl]amino]pyridin-4-yl]ethyl]piperazin-1-yl]-3,3,3-trifluoropropan-1-one",0,https://www.selleckchem.com/
O=C(Nc1ccc(cc1)Br)CN1CCC(CC1)C(=O)N,1-[2-(4-Bromoanilino)-2-oxoethyl]piperidine-4-carboxamide,795875,"1S/C14H18BrN3O2/c15-11-1-3-12(4-2-11)17-13(19)9-18-7-5-10(6-8-18)14(16)20/h1-4,10H,5-9H2,(H2,16,20)(H,17,19)",1-[2-(4-bromoanilino)-2-oxoethyl]piperidine-4-carboxamide,0,https://www.selleckchem.com/
O=C(OC(C)(C)C)C[C@@H]1N=C(c2ccc(cc2)Cl)c2c(n3c1nnc3C)sc(c2C)C,"(S)-(+)-tert-Butyl 2-(4-(4-chlorophenyl)-2,3,9-trimethyl-6H-thieno[3,2-f][1,2,4]triazolo[4,3-a][1,4]diazepin-6-yl)acetate",46907787,"1S/C23H25ClN4O2S/c1-12-13(2)31-22-19(12)20(15-7-9-16(24)10-8-15)25-17(11-18(29)30-23(4,5)6)21-27-26-14(3)28(21)22/h7-10,17H,11H2,1-6H3/t17-/m0/s1","tert-butyl 2-[(9S)-7-(4-chlorophenyl)-4,5,13-trimethyl-3-thia-1,8,11,12-tetrazatricyclo[8.3.0.02,6]trideca-2(6),4,7,10,12-pentaen-9-yl]acetate",0,https://www.selleckchem.com/
O=C(OC(C)(C)C)NCC1CNC1,tert-butyl N-(azetidin-3-ylmethyl)carbamate,15346872,"1S/C9H18N2O2/c1-9(2,3)13-8(12)11-6-7-4-10-5-7/h7,10H,4-6H2,1-3H3,(H,11,12)",tert-butyl N-(azetidin-3-ylmethyl)carbamate,1,https://www.selleckchem.com/
O=C(OC[C@H]1O[C@@H](OCCc2ccc(c(c2)O)O)[C@@H]([C@H]([C@@H]1O)O)O)/C=C/c1ccc(c(c1)O)O,Calceolarioside B,5273567,"1S/C23H26O11/c24-14-4-1-12(9-16(14)26)3-6-19(28)33-11-18-20(29)21(30)22(31)23(34-18)32-8-7-13-2-5-15(25)17(27)10-13/h1-6,9-10,18,20-27,29-31H,7-8,11H2/b6-3+/t18-,20-,21+,22-,23-/m1/s1","[(2R,3S,4S,5R,6R)-6-[2-(3,4-dihydroxyphenyl)ethoxy]-3,4,5-trihydroxyoxan-2-yl]methyl (E)-3-(3,4-dihydroxyphenyl)prop-2-enoate",0,https://www.selleckchem.com/
O=C1C=C2[C@@H]3C[C@](C)(CC[C@]3(C)CC[C@]2([C@]2([C@H]1[C@@]1(C)CC[C@@H](C([C@@H]1CC2)(C)C)O)C)C)C(=O)O,Enoxolone,10114,"1S/C30H46O4/c1-25(2)21-8-11-30(7)23(28(21,5)10-9-22(25)32)20(31)16-18-19-17-27(4,24(33)34)13-12-26(19,3)14-15-29(18,30)6/h16,19,21-23,32H,8-15,17H2,1-7H3,(H,33,34)/t19-,21-,22-,23+,26+,27-,28-,29+,30+/m0/s1","(2S,4aS,6aR,6aS,6bR,8aR,10S,12aS,14bR)-10-hydroxy-2,4a,6a,6b,9,9,12a-heptamethyl-13-oxo-3,4,5,6,6a,7,8,8a,10,11,12,14b-dodecahydro-1H-picene-2-carboxylic acid",0,https://www.selleckchem.com/
O=c1c2CCCCc2[nH]n1c1nc2c(s1)cccc2,"2-(1,3-benzothiazol-2-yl)-4,5,6,7-tetrahydro-2H-indazol-3-ol",16459674,"1S/C14H13N3OS/c18-13-9-5-1-2-6-10(9)16-17(13)14-15-11-7-3-4-8-12(11)19-14/h3-4,7-8,16H,1-2,5-6H2","2-(1,3-benzothiazol-2-yl)-4,5,6,7-tetrahydro-1H-indazol-3-one",0,https://www.selleckchem.com/
O=c1cc(oc2c1cccc2)c1ccccc1,Flavone,10680,1S/C15H10O2/c16-13-10-15(11-6-2-1-3-7-11)17-14-9-5-4-8-12(13)14/h1-10H,2-phenylchromen-4-one,0,https://www.selleckchem.com/
O=c1ccc2c(o1)cc1c(c2OCCCCOc2ccccc2)cco1,5-(4-Phenoxybutoxy)psoralen,11302540,"1S/C21H18O5/c22-20-9-8-16-19(26-20)14-18-17(10-13-24-18)21(16)25-12-5-4-11-23-15-6-2-1-3-7-15/h1-3,6-10,13-14H,4-5,11-12H2","4-(4-phenoxybutoxy)furo[3,2-g]chromen-7-one",1,https://www.selleckchem.com/
O=C1N(CCc2c1c1ccccc1n2C)Cc1nc[nH]c1C.Cl,Alosetron hydrochloride,60758,"1S/C17H18N4O.ClH/c1-11-13(19-10-18-11)9-21-8-7-15-16(17(21)22)12-5-3-4-6-14(12)20(15)2;/h3-6,10H,7-9H2,1-2H3,(H,18,19);1H","5-methyl-2-[(5-methyl-1H-imidazol-4-yl)methyl]-3,4-dihydropyrido[4,3-b]indol-1-one;hydrochloride",1,https://link.springer.com/article/10.1007/s13238-021-00872-5#Sec2
O=C1Nc2c(/C/1=C\c1ccc(c3c1cccc3)N(C)C)cccc2,3-((4-(Dimethylamino)naphthalen-1-yl)methylene)indolin-2-one,53230017,"1S/C21H18N2O/c1-23(2)20-12-11-14(15-7-3-4-9-17(15)20)13-18-16-8-5-6-10-19(16)22-21(18)24/h3-13H,1-2H3,(H,22,24)/b18-13+",(3E)-3-[[4-(dimethylamino)naphthalen-1-yl]methylidene]-1H-indol-2-one,0,https://www.selleckchem.com/
O=C1Nc2cc3[nH]nc(c3cc2CN1Cc1ccccc1)c1ccncc1,"6-benzyl-3-(pyridin-4-yl)-5,6-dihydro-1H-pyrazolo[4,3-g]quinazolin-7(8H)-one",136653617,"1S/C21H17N5O/c27-21-23-18-11-19-17(20(25-24-19)15-6-8-22-9-7-15)10-16(18)13-26(21)12-14-4-2-1-3-5-14/h1-11H,12-13H2,(H,23,27)(H,24,25)","6-benzyl-3-pyridin-4-yl-5,8-dihydro-1H-pyrazolo[4,3-g]quinazolin-7-one",0,https://www.selleckchem.com/
O=C1O[C@@H]2C[C@@]3([C@H]1CO[C@@]14C(=O)[C@@H]3[C@@]3([C@@]2(C)OC(=O)[C@]3(O)CC[C@H]2[C@H]4C[C@H]3O[C@]43[C@]2(C)C(=O)C=CC4)O1)C,Physalin F,49864133,"1S/C28H30O10/c1-22-10-17-24(3)28-18(22)19(30)27(38-28,34-11-14(22)20(31)35-17)13-9-16-26(36-16)7-4-5-15(29)23(26,2)12(13)6-8-25(28,33)21(32)37-24/h4-5,12-14,16-18,33H,6-11H2,1-3H3/t12-,13+,14-,16+,17+,18-,22+,23-,24-,25+,26+,27+,28-/m0/s1","(1R,2R,4R,6S,11R,12S,15S,18S,19R,20S,21S,23R,26S)-15-hydroxy-11,18,21-trimethyl-5,17,24,28,29-pentaoxanonacyclo[17.9.1.11,20.02,12.04,6.06,11.015,19.018,23.021,26]triacont-8-ene-10,16,25,30-tetrone",0,https://www.selleckchem.com/
O=C1O[C@H]2[C@@H](C1=C)C[C@@H]1[C@](C2)(C)CCCC1=C,Isoalantolactone,73285,"1S/C15H20O2/c1-9-5-4-6-15(3)8-13-11(7-12(9)15)10(2)14(16)17-13/h11-13H,1-2,4-8H2,3H3/t11-,12+,13-,15-/m1/s1","(3aR,4aS,8aR,9aR)-8a-methyl-3,5-dimethylidene-3a,4,4a,6,7,8,9,9a-octahydrobenzo[f][1]benzofuran-2-one",0,https://www.selleckchem.com/
O=C1OCC(=C1c1ccccc1)c1ccc(cc1)S(=O)(=O)C,Rofecoxib,5090,"1S/C17H14O4S/c1-22(19,20)14-9-7-12(8-10-14)15-11-21-17(18)16(15)13-5-3-2-4-6-13/h2-10H,11H2,1H3",3-(4-methylsulfonylphenyl)-4-phenyl-2H-furan-5-one,1,https://link.springer.com/article/10.1007/s13238-021-00872-5#Sec2
OC(=O)[C@H]1O[C@@H](O[C@H]2CC[C@]3([C@H](C2(C)C)CC[C@@]2([C@@H]3CC=C3[C@@]2(C)CC[C@@]2([C@H]3CC(C)(C)CC2)C(=O)O)C)C)[C@@H]([C@H]([C@@H]1O)O[C@@H]1OC[C@H]([C@@H]([C@H]1O)O)O)O,Momordin Ic,176596,"1S/C41H64O13/c1-36(2)14-16-41(35(49)50)17-15-39(6)20(21(41)18-36)8-9-24-38(5)12-11-25(37(3,4)23(38)10-13-40(24,39)7)52-34-29(46)30(28(45)31(54-34)32(47)48)53-33-27(44)26(43)22(42)19-51-33/h8,21-31,33-34,42-46H,9-19H2,1-7H3,(H,47,48)(H,49,50)/t21-,22+,23-,24+,25-,26-,27+,28-,29+,30-,31-,33-,34+,38-,39+,40+,41-/m0/s1","(2S,3S,4S,5R,6R)-6-[[(3S,4aR,6aR,6bS,8aS,12aS,14aR,14bR)-8a-carboxy-4,4,6a,6b,11,11,14b-heptamethyl-1,2,3,4a,5,6,7,8,9,10,12,12a,14,14a-tetradecahydropicen-3-yl]oxy]-3,5-dihydroxy-4-[(2S,3R,4S,5R)-3,4,5-trihydroxyoxan-2-yl]oxyoxane-2-carboxylic acid",0,https://www.selleckchem.com/
OC(=O)/C=C\C(=O)O.CCc1cc2CC(Cc2cc1CC)NC[C@@H](c1ccc(c2c1ccc(=O)[nH]2)O)O,Indacaterol maleate,9827599,"1S/C24H28N2O3.C4H4O4/c1-3-14-9-16-11-18(12-17(16)10-15(14)4-2)25-13-22(28)19-5-7-21(27)24-20(19)6-8-23(29)26-24;5-3(6)1-2-4(7)8/h5-10,18,22,25,27-28H,3-4,11-13H2,1-2H3,(H,26,29);1-2H,(H,5,6)(H,7,8)/b;2-1-/t22-;/m0./s1","(Z)-but-2-enedioic acid;5-[(1R)-2-[(5,6-diethyl-2,3-dihydro-1H-inden-2-yl)amino]-1-hydroxyethyl]-8-hydroxy-1H-quinolin-2-one",1,https://link.springer.com/article/10.1007/s13238-021-00872-5#Sec2
OC(=O)C(C(C(C(C(C(C(F)(F)F)(F)F)(F)F)(F)F)(F)F)(F)F)(F)F,Perfluorooctanoic acid,9554,"1S/C8HF15O2/c9-2(10,1(24)25)3(11,12)4(13,14)5(15,16)6(17,18)7(19,20)8(21,22)23/h(H,24,25)","2,2,3,3,4,4,5,5,6,6,7,7,8,8,8-pentadecafluorooctanoic acid",1,https://pubmed.ncbi.nlm.nih.gov/29502166/
OC(=O)c1cc(O)c(c(c1)O)O,Gallic acid,370,"1S/C7H6O5/c8-4-1-3(7(11)12)2-5(9)6(4)10/h1-2,8-10H,(H,11,12)","3,4,5-trihydroxybenzoic acid",1,https://link.springer.com/article/10.1007/s13238-021-00872-5#Sec2
OC(=O)CC(C(=O)O)(CC(=O)O)O.CCN(CCCc1ccccc1)CCCc1ccccc1,Alverine citrate,21718,"1S/C20H27N.C6H8O7/c1-2-21(17-9-15-19-11-5-3-6-12-19)18-10-16-20-13-7-4-8-14-20;7-3(8)1-6(13,5(11)12)2-4(9)10/h3-8,11-14H,2,9-10,15-18H2,1H3;13H,1-2H2,(H,7,8)(H,9,10)(H,11,12)","N-ethyl-3-phenyl-N-(3-phenylpropyl)propan-1-amine;2-hydroxypropane-1,2,3-tricarboxylic acid",1,https://link.springer.com/article/10.1007/s13238-021-00872-5#Sec2
OC(=O)CCC(=O)O.CNS(=O)(=O)Cc1ccc2c(c1)c(CCN(C)C)c[nH]2,Sumatriptan succinate,59772,"1S/C14H21N3O2S.C4H6O4/c1-15-20(18,19)10-11-4-5-14-13(8-11)12(9-16-14)6-7-17(2)3;5-3(6)1-2-4(7)8/h4-5,8-9,15-16H,6-7,10H2,1-3H3;1-2H2,(H,5,6)(H,7,8)",butanedioic acid;1-[3-[2-(dimethylamino)ethyl]-1H-indol-5-yl]-N-methylmethanesulfonamide,1,https://link.springer.com/article/10.1007/s13238-021-00872-5#Sec2
OC(=O)COCCN1CCN(CC1)[C@@H](c1ccc(cc1)Cl)c1ccccc1.Cl.Cl,Levocetirizine dihydrochloride,9955977,"1S/C21H25ClN2O3.2ClH/c22-19-8-6-18(7-9-19)21(17-4-2-1-3-5-17)24-12-10-23(11-13-24)14-15-27-16-20(25)26;;/h1-9,21H,10-16H2,(H,25,26);2*1H/t21-;;/m1../s1",2-[2-[4-[(R)-(4-chlorophenyl)-phenylmethyl]piperazin-1-yl]ethoxy]acetic acid;dihydrochloride,1,https://link.springer.com/article/10.1007/s13238-021-00872-5#Sec2
OC(=O)CSc1nc(cc(n1)Cl)Nc1cccc(c1C)C,Pirinixic acid,5694,"1S/C14H14ClN3O2S/c1-8-4-3-5-10(9(8)2)16-12-6-11(15)17-14(18-12)21-7-13(19)20/h3-6H,7H2,1-2H3,(H,19,20)(H,16,17,18)","2-[4-chloro-6-(2,3-dimethylanilino)pyrimidin-2-yl]sulfanylacetic acid",1,https://pubmed.ncbi.nlm.nih.gov/7716764/
OC(Cn1ccnc1[N+](=O)[O-])CN1CCCCC1,Pimonidazole,50981,"1S/C11H18N4O3/c16-10(8-13-5-2-1-3-6-13)9-14-7-4-12-11(14)15(17)18/h4,7,10,16H,1-3,5-6,8-9H2",1-(2-nitroimidazol-1-yl)-3-piperidin-1-ylpropan-2-ol,0,https://www.selleckchem.com/
OC[C@@H](C(=O)O)N,Serine,5951,"1S/C3H7NO3/c4-2(1-5)3(6)7/h2,5H,1,4H2,(H,6,7)/t2-/m0/s1",(2S)-2-amino-3-hydroxypropanoic acid,0,https://www.selleckchem.com/
OC[C@H]1O[C@@]([C@H]([C@@H]1O)OC(=O)/C=C/c1cc(OC)c(c(c1)OC)OC)(CO)O[C@H]1O[C@H](COC(=O)c2ccc(cc2)O)[C@H]([C@@H]([C@H]1O)O)O,Tenuifoliside A,46933844,"1S/C31H38O17/c1-41-18-10-15(11-19(42-2)27(18)43-3)4-9-22(35)46-28-24(37)20(12-32)47-31(28,14-33)48-30-26(39)25(38)23(36)21(45-30)13-44-29(40)16-5-7-17(34)8-6-16/h4-11,20-21,23-26,28,30,32-34,36-39H,12-14H2,1-3H3/b9-4+/t20-,21-,23-,24-,25+,26-,28+,30-,31+/m1/s1","[(2R,3S,4S,5R,6R)-3,4,5-trihydroxy-6-[(2S,3S,4R,5R)-4-hydroxy-2,5-bis(hydroxymethyl)-3-[(E)-3-(3,4,5-trimethoxyphenyl)prop-2-enoyl]oxyoxolan-2-yl]oxyoxan-2-yl]methyl 4-hydroxybenzoate",0,https://www.selleckchem.com/
OC[C@H]1O[C@@H](O[C@@H]2CC(=C(C(C2)(C)C)C=O)C)[C@@H]([C@H]([C@@H]1O)O)O,Picrocrocin,130796,"1S/C16H26O7/c1-8-4-9(5-16(2,3)10(8)6-17)22-15-14(21)13(20)12(19)11(7-18)23-15/h6,9,11-15,18-21H,4-5,7H2,1-3H3/t9-,11-,12-,13+,14-,15-/m1/s1","(4R)-2,6,6-trimethyl-4-[(2R,3R,4S,5S,6R)-3,4,5-trihydroxy-6-(hydroxymethyl)oxan-2-yl]oxycyclohexene-1-carbaldehyde",0,https://www.selleckchem.com/
OC[C@H]1O[C@@H](O[C@H]2CC[C@]3(C(=CC[C@@H]4[C@@H]3CC[C@]3([C@H]4C[C@H]4[C@@H]3[C@H](C)[C@]3(O4)CC[C@H](CO3)C)C)C2)C)[C@@H]([C@H]([C@@H]1O[C@@H]1O[C@H]([C@@H]([C@H]1O)O)CO)O)O[C@@H]1O[C@@H](C)[C@@H]([C@H]([C@H]1O)O)O,Polyphyllin I,11018329,"1S/C44H70O16/c1-19-8-13-44(53-18-19)20(2)30-27(60-44)15-26-24-7-6-22-14-23(9-11-42(22,4)25(24)10-12-43(26,30)5)55-41-38(59-39-35(51)33(49)31(47)21(3)54-39)36(52)37(29(17-46)57-41)58-40-34(50)32(48)28(16-45)56-40/h6,19-21,23-41,45-52H,7-18H2,1-5H3/t19-,20+,21+,23+,24-,25+,26+,27+,28+,29-,30+,31+,32+,33-,34-,35-,36+,37-,38-,39+,40+,41-,42+,43+,44-/m1/s1","(2S,3R,4R,5R,6S)-2-[(2R,3R,4S,5S,6R)-5-[(2S,3R,4R,5S)-3,4-dihydroxy-5-(hydroxymethyl)oxolan-2-yl]oxy-4-hydroxy-6-(hydroxymethyl)-2-[(1S,2S,4S,5'R,6R,7S,8R,9S,12S,13R,16S)-5',7,9,13-tetramethylspiro[5-oxapentacyclo[10.8.0.02,9.04,8.013,18]icos-18-ene-6,2'-oxane]-16-yl]oxyoxan-3-yl]oxy-6-methyloxane-3,4,5-triol",1,https://www.selleckchem.com/
OC[C@H]1O[C@@H](OC[C@H]2O[C@@H](Oc3cc4oc(cc(=O)c4c(c3O)O)c3ccccc3)[C@@H]([C@H]([C@@H]2O)O)O)[C@@H]([C@H]([C@@H]1O)O)O,Oroxin B,10077207,"1S/C27H30O15/c28-8-15-19(31)22(34)24(36)26(41-15)38-9-16-20(32)23(35)25(37)27(42-16)40-14-7-13-17(21(33)18(14)30)11(29)6-12(39-13)10-4-2-1-3-5-10/h1-7,15-16,19-20,22-28,30-37H,8-9H2/t15-,16-,19-,20-,22+,23+,24-,25-,26-,27-/m1/s1","5,6-dihydroxy-2-phenyl-7-[(2S,3R,4S,5S,6R)-3,4,5-trihydroxy-6-[[(2R,3R,4S,5S,6R)-3,4,5-trihydroxy-6-(hydroxymethyl)oxan-2-yl]oxymethyl]oxan-2-yl]oxychromen-4-one",0,https://www.selleckchem.com/
OC[C@H]1O[C@@H](Oc2cc(/C=C/c3ccc(c(c3)O)OC)cc(c2)O)[C@@H]([C@H]([C@@H]1O)O)O,Rhapontin,637213,"1S/C21H24O9/c1-28-16-5-4-11(8-15(16)24)2-3-12-6-13(23)9-14(7-12)29-21-20(27)19(26)18(25)17(10-22)30-21/h2-9,17-27H,10H2,1H3/b3-2+/t17-,18-,19+,20-,21-/m1/s1","(2S,3R,4S,5S,6R)-2-[3-hydroxy-5-[(E)-2-(3-hydroxy-4-methoxyphenyl)ethenyl]phenoxy]-6-(hydroxymethyl)oxane-3,4,5-triol",0,https://www.selleckchem.com/
OC[C@H]1O[C@@H](Oc2cc(O)c(c(c2)O)C(=O)CCc2ccc(cc2)O)[C@@H]([C@H]([C@@H]1O)O)O,Trilobatin,6451798,"1S/C21H24O10/c22-9-16-18(27)19(28)20(29)21(31-16)30-12-7-14(25)17(15(26)8-12)13(24)6-3-10-1-4-11(23)5-2-10/h1-2,4-5,7-8,16,18-23,25-29H,3,6,9H2/t16-,18-,19+,20-,21-/m1/s1","1-[2,6-dihydroxy-4-[(2S,3R,4S,5S,6R)-3,4,5-trihydroxy-6-(hydroxymethyl)oxan-2-yl]oxyphenyl]-3-(4-hydroxyphenyl)propan-1-one",1,https://pubmed.ncbi.nlm.nih.gov/31540429/
OC[C@H]1O[C@@H](Oc2cc(O)c3c(c2CC=C(C)C)oc(c(c3=O)O)c2ccc(cc2)OC)[C@@H]([C@H]([C@@H]1O)O)O,Icariside I,5745470,"1S/C27H30O11/c1-12(2)4-9-15-17(36-27-24(34)22(32)20(30)18(11-28)37-27)10-16(29)19-21(31)23(33)25(38-26(15)19)13-5-7-14(35-3)8-6-13/h4-8,10,18,20,22,24,27-30,32-34H,9,11H2,1-3H3/t18-,20-,22+,24-,27-/m1/s1","3,5-dihydroxy-2-(4-methoxyphenyl)-8-(3-methylbut-2-enyl)-7-[(2S,3R,4S,5S,6R)-3,4,5-trihydroxy-6-(hydroxymethyl)oxan-2-yl]oxychromen-4-one",0,https://www.selleckchem.com/
OC[C@H]1O[C@@H](Oc2ccc(cc2)O)[C@@H]([C@H]([C@@H]1O)O)O,Arbutin,440936,"1S/C12H16O7/c13-5-8-9(15)10(16)11(17)12(19-8)18-7-3-1-6(14)2-4-7/h1-4,8-17H,5H2/t8-,9-,10+,11-,12-/m1/s1","(2R,3S,4S,5R,6S)-2-(hydroxymethyl)-6-(4-hydroxyphenoxy)oxane-3,4,5-triol",1,https://pubmed.ncbi.nlm.nih.gov/30957189/
OC[C@H]1O[C@@H](Oc2ccc(cc2OC)C[C@@]2(O)C(=O)OC[C@@H]2Cc2ccc(c(c2)OC)OC)[C@@H]([C@H]([C@@H]1O)O)O,Tracheloside,169511,"1S/C27H34O12/c1-34-17-6-4-14(9-19(17)35-2)8-16-13-37-26(32)27(16,33)11-15-5-7-18(20(10-15)36-3)38-25-24(31)23(30)22(29)21(12-28)39-25/h4-7,9-10,16,21-25,28-31,33H,8,11-13H2,1-3H3/t16-,21+,22+,23-,24+,25+,27-/m0/s1","(3S,4S)-4-[(3,4-dimethoxyphenyl)methyl]-3-hydroxy-3-[[3-methoxy-4-[(2S,3R,4S,5S,6R)-3,4,5-trihydroxy-6-(hydroxymethyl)oxan-2-yl]oxyphenyl]methyl]oxolan-2-one",0,https://www.selleckchem.com/
OC[C@H]1O[C@@H](Oc2ccc3c(c2)OC[C@@H]2[C@H]3Oc3c2cc2c(c3)OCO2)[C@@H]([C@H]([C@@H]1O)O)O,Trifolirhizin,442827,"1S/C22H22O10/c23-6-17-18(24)19(25)20(26)22(32-17)30-9-1-2-10-13(3-9)27-7-12-11-4-15-16(29-8-28-15)5-14(11)31-21(10)12/h1-5,12,17-26H,6-8H2/t12-,17+,18+,19-,20+,21-,22+/m0/s1","(2R,3S,4S,5R,6S)-2-(hydroxymethyl)-6-[[(1R,12R)-5,7,11,19-tetraoxapentacyclo[10.8.0.02,10.04,8.013,18]icosa-2,4(8),9,13(18),14,16-hexaen-16-yl]oxy]oxane-3,4,5-triol",0,https://www.selleckchem.com/
OC[C@H]1O[C@@H](Oc2cccc3c2C(=O)c2c([C@@H]3[C@@H]3c4cc(cc(c4C(=O)c4c3cccc4O[C@@H]3O[C@H](CO)[C@H]([C@@H]([C@H]3O)O)O)O)C(=O)O)cc(cc2O)C(=O)O)[C@@H]([C@H]([C@@H]1O)O)O,Sennoside B,91440,"1S/C42H38O20/c43-11-23-31(47)35(51)37(53)41(61-23)59-21-5-1-3-15-25(17-7-13(39(55)56)9-19(45)27(17)33(49)29(15)21)26-16-4-2-6-22(60-42-38(54)36(52)32(48)24(12-44)62-42)30(16)34(50)28-18(26)8-14(40(57)58)10-20(28)46/h1-10,23-26,31-32,35-38,41-48,51-54H,11-12H2,(H,55,56)(H,57,58)/t23-,24-,25-,26+,31-,32-,35+,36+,37-,38-,41-,42-/m1/s1","(9S)-9-[(9R)-2-carboxy-4-hydroxy-10-oxo-5-[(2S,3R,4S,5S,6R)-3,4,5-trihydroxy-6-(hydroxymethyl)oxan-2-yl]oxy-9H-anthracen-9-yl]-4-hydroxy-10-oxo-5-[(2S,3R,4S,5S,6R)-3,4,5-trihydroxy-6-(hydroxymethyl)oxan-2-yl]oxy-9H-anthracene-2-carboxylic acid",0,https://www.selleckchem.com/
OC[C@H]1O[C@H]([C@@H]([C@@H]1O)O)n1cnc(c1N)C(=O)N,Acadesine,17513,"1S/C9H14N4O5/c10-7-4(8(11)17)12-2-13(7)9-6(16)5(15)3(1-14)18-9/h2-3,5-6,9,14-16H,1,10H2,(H2,11,17)/t3-,5-,6-,9-/m1/s1","5-amino-1-[(2R,3R,4S,5R)-3,4-dihydroxy-5-(hydroxymethyl)oxolan-2-yl]imidazole-4-carboxamide",1,https://pubmed.ncbi.nlm.nih.gov/32014016/
OC[C@H]1O[C@H]([C@@H]([C@@H]1O)O)n1cnc2c1ccnc2N.Cl,3-Deazaadenosine hydrochloride,134828261,"1S/C11H14N4O4.ClH/c12-10-7-5(1-2-13-10)15(4-14-7)11-9(18)8(17)6(3-16)19-11;/h1-2,4,6,8-9,11,16-18H,3H2,(H2,12,13);1H/t6-,8-,9-,11-;/m1./s1","(2R,3R,4S,5R)-2-(4-aminoimidazo[4,5-c]pyridin-1-yl)-5-(hydroxymethyl)oxolane-3,4-diol;hydrochloride",0,https://www.selleckchem.com/
OC[C@H]1O[C@H]([C@@H]([C@@H]1O)O)n1cnc2c1ncnc2NCc1ccccc1,N6-Benzyladenosine,92208,"1S/C17H19N5O4/c23-7-11-13(24)14(25)17(26-11)22-9-21-12-15(19-8-20-16(12)22)18-6-10-4-2-1-3-5-10/h1-5,8-9,11,13-14,17,23-25H,6-7H2,(H,18,19,20)/t11-,13-,14-,17-/m1/s1","(2R,3R,4S,5R)-2-[6-(benzylamino)purin-9-yl]-5-(hydroxymethyl)oxolane-3,4-diol",0,https://www.selleckchem.com/
OC[C@H]1O[C@H]([C@@H]([C@@H]1O)O)n1cnc2c1ncnc2NCc1ccco1,Kinetin riboside,20345,"1S/C15H17N5O5/c21-5-9-11(22)12(23)15(25-9)20-7-19-10-13(17-6-18-14(10)20)16-4-8-2-1-3-24-8/h1-3,6-7,9,11-12,15,21-23H,4-5H2,(H,16,17,18)/t9-,11-,12-,15-/m1/s1","(2R,3R,4S,5R)-2-[6-(furan-2-ylmethylamino)purin-9-yl]-5-(hydroxymethyl)oxolane-3,4-diol",0,https://www.selleckchem.com/
OC[C@H]1O[C@H](C[C@@H]1O)n1cnc2c1nc(Cl)nc2N,Cladribine,20279,"1S/C10H12ClN5O3/c11-10-14-8(12)7-9(15-10)16(3-13-7)6-1-4(18)5(2-17)19-6/h3-6,17-18H,1-2H2,(H2,12,14,15)/t4-,5+,6+/m0/s1","(2R,3S,5R)-5-(6-amino-2-chloropurin-9-yl)-2-(hydroxymethyl)oxolan-3-ol",1,https://link.springer.com/article/10.1007/s13238-021-00872-5#Sec2
OC/C(=C/CNc1ncnc2c1ncn2[C@@H]1O[C@@H]([C@H]([C@H]1O)O)CO)/C,Zeatin riboside,6440982,"1S/C15H21N5O5/c1-8(4-21)2-3-16-13-10-14(18-6-17-13)20(7-19-10)15-12(24)11(23)9(5-22)25-15/h2,6-7,9,11-12,15,21-24H,3-5H2,1H3,(H,16,17,18)/b8-2+/t9-,11-,12-,15-/m1/s1","(2R,3S,4R,5R)-2-(hydroxymethyl)-5-[6-[[(E)-4-hydroxy-3-methylbut-2-enyl]amino]purin-9-yl]oxolane-3,4-diol",1,https://www.selleckchem.com/
OC/C=C/c1cc(OC)c(c(c1)OC)O[C@@H]1O[C@H](CO)[C@H]([C@@H]([C@H]1O)O)O,Syringin,5316860,"1S/C17H24O9/c1-23-10-6-9(4-3-5-18)7-11(24-2)16(10)26-17-15(22)14(21)13(20)12(8-19)25-17/h3-4,6-7,12-15,17-22H,5,8H2,1-2H3/b4-3+/t12-,13-,14+,15-,17+/m1/s1","(2R,3S,4S,5R,6S)-2-(hydroxymethyl)-6-[4-[(E)-3-hydroxyprop-1-enyl]-2,6-dimethoxyphenoxy]oxane-3,4,5-triol",1,https://pubmed.ncbi.nlm.nih.gov/31661774/
Oc1c(N=Nc2ccc3c(c2)ccc(c3)S(=O)(=O)[O-])cc(c2c1nccc2)S(=O)(=O)[O-].[Na+].[Na+],Disodium 8-hydroxy-7-[(6-sulphonato-2-naphthyl)azo]quinoline-5-sulphonate,92576,"1S/C19H13N3O7S2.2Na/c23-19-16(10-17(31(27,28)29)15-2-1-7-20-18(15)19)22-21-13-5-3-12-9-14(30(24,25)26)6-4-11(12)8-13;;/h1-10,23H,(H,24,25,26)(H,27,28,29);;/q;2*+1/p-2",disodium;8-hydroxy-7-[(6-sulfonatonaphthalen-2-yl)diazenyl]quinoline-5-sulfonate,0,https://www.selleckchem.com/
OC1C(O)C(O)C(C(C1O)O)O,Inositol,892,1S/C6H12O6/c7-1-2(8)4(10)6(12)5(11)3(1)9/h1-12H,"cyclohexane-1,2,3,4,5,6-hexol",1,https://link.springer.com/article/10.1007/s13238-021-00872-5#Sec2
Oc1ccc(c(c1)O)C(=NNC(=O)c1ccc(c(c1)Br)C)C,"3-bromo-N'-[(1E)-1-(2,4-dihydroxyphenyl)ethylidene]-4-methylbenzohydrazide",1013573,"1S/C16H15BrN2O3/c1-9-3-4-11(7-14(9)17)16(22)19-18-10(2)13-6-5-12(20)8-15(13)21/h3-8,20-21H,1-2H3,(H,19,22)","3-bromo-N-[1-(2,4-dihydroxyphenyl)ethylideneamino]-4-methylbenzamide",0,https://www.selleckchem.com/
Oc1ccc(cc1)/C=C/c1cc(O)cc(c1)O,Resveratrol,445154,"1S/C14H12O3/c15-12-5-3-10(4-6-12)1-2-11-7-13(16)9-14(17)8-11/h1-9,15-17H/b2-1+","5-[(E)-2-(4-hydroxyphenyl)ethenyl]benzene-1,3-diol",1,https://doi.org/10.1186/s13287-019-1412-9
Oc1ccc(cc1)C(=O)c1c(O)cc(cc1O)O,Iriflophenone,11311158,"1S/C13H10O5/c14-8-3-1-7(2-4-8)13(18)12-10(16)5-9(15)6-11(12)17/h1-6,14-17H","(4-hydroxyphenyl)-(2,4,6-trihydroxyphenyl)methanone",0,https://www.selleckchem.com/
Oc1ccc(cc1)C(c1c[nH]c2c1cccc2)c1c[nH]c2c1cccc2,4-(Di(1H-indol-3-yl)methyl)phenol,2940609,"1S/C23H18N2O/c26-16-11-9-15(10-12-16)23(19-13-24-21-7-3-1-5-17(19)21)20-14-25-22-8-4-2-6-18(20)22/h1-14,23-26H",4-[bis(1H-indol-3-yl)methyl]phenol,1,https://www.selleckchem.com/
Oc1ccc2c(c1)occ(c2=O)c1ccc2c(c1)C=CC(O2)(C)C,Corylin,5316097,"1S/C20H16O4/c1-20(2)8-7-13-9-12(3-6-17(13)24-20)16-11-23-18-10-14(21)4-5-15(18)19(16)22/h3-11,21H,1-2H3","3-(2,2-dimethylchromen-6-yl)-7-hydroxychromen-4-one",0,https://www.selleckchem.com/
Oc1cccc(c1)C(=O)Oc1c(cccc1F)OC(=O)c1cccc(c1)O,"3-Fluoro-1,2-phenylene bis(3-hydroxybenzoate)",46830365,"1S/C20H13FO6/c21-16-8-3-9-17(26-19(24)12-4-1-6-14(22)10-12)18(16)27-20(25)13-5-2-7-15(23)11-13/h1-11,22-23H",[3-fluoro-2-(3-hydroxybenzoyl)oxyphenyl] 3-hydroxybenzoate,0,https://www.selleckchem.com/
Oc1cccc(c1)Nc1scc(n1)c1ccccn1,"3-[(4-Pyridin-2-yl-1,3-thiazol-2-yl)amino]phenol",704347,"1S/C14H11N3OS/c18-11-5-3-4-10(8-11)16-14-17-13(9-19-14)12-6-1-2-7-15-12/h1-9,18H,(H,16,17)","3-[(4-pyridin-2-yl-1,3-thiazol-2-yl)amino]phenol",0,https://www.selleckchem.com/
Oc1cccc(c1)S(=O)(=O)NNC(=O)c1cc(cc(c1F)C)c1ccccc1,"4-fluoro-N'-[(3-hydroxyphenyl)sulfonyl]-5-methyl[1,1'-biphenyl]-3-carbohydrazide",134581412,"1S/C20H17FN2O4S/c1-13-10-15(14-6-3-2-4-7-14)11-18(19(13)21)20(25)22-23-28(26,27)17-9-5-8-16(24)12-17/h2-12,23-24H,1H3,(H,22,25)",2-fluoro-N'-(3-hydroxyphenyl)sulfonyl-3-methyl-5-phenylbenzohydrazide,0,https://www.selleckchem.com/
OCc1ccc(cc1)O,4-Hydroxybenzyl alcohol,125,"1S/C7H8O2/c8-5-6-1-3-7(9)4-2-6/h1-4,8-9H,5H2",4-(hydroxymethyl)phenol,1,https://pubmed.ncbi.nlm.nih.gov/26935641/
OCCCCCCC/C=C/C(=O)O,10-Hydroxy-2-decenoic acid,5312738,"1S/C10H18O3/c11-9-7-5-3-1-2-4-6-8-10(12)13/h6,8,11H,1-5,7,9H2,(H,12,13)/b8-6+",(E)-10-hydroxydec-2-enoic acid,0,https://www.selleckchem.com/
OCCONC(=O)c1cc2n(C)cnc2c(c1Nc1ccc(cc1Cl)Br)F,Selumetinib,10127622,"1S/C17H15BrClFN4O3/c1-24-8-21-16-13(24)7-10(17(26)23-27-5-4-25)15(14(16)20)22-12-3-2-9(18)6-11(12)19/h2-3,6-8,22,25H,4-5H2,1H3,(H,23,26)",6-(4-bromo-2-chloroanilino)-7-fluoro-N-(2-hydroxyethoxy)-3-methylbenzimidazole-5-carboxamide,0,https://www.selleckchem.com/
OCCSC1=C(SCCO)C(=O)c2c(C1=O)cccc2,"2,3-Bis(2-hydroxyethylthio)-1,4-naphthalenedione",262093,"1S/C14H14O4S2/c15-5-7-19-13-11(17)9-3-1-2-4-10(9)12(18)14(13)20-8-6-16/h1-4,15-16H,5-8H2","2,3-bis(2-hydroxyethylsulfanyl)naphthalene-1,4-dione",0,https://www.selleckchem.com/
OS(=O)(=O)O.C[C@@H](Cc1ccccc1)N.C[C@@H](Cc1ccccc1)N,Dextroamphetamine sulfate,5825,"1S/2C9H13N.H2O4S/c2*1-8(10)7-9-5-3-2-4-6-9;1-5(2,3)4/h2*2-6,8H,7,10H2,1H3;(H2,1,2,3,4)/t2*8-;/m00./s1",(2S)-1-phenylpropan-2-amine;sulfuric acid,0,https://academic.oup.com/toxsci/article/105/1/119/1664490
OS(=O)(=O)O.NCCCCCCCN=C(N)N,GC7 Sulfate,131842088,"1S/C8H20N4.H2O4S/c9-6-4-2-1-3-5-7-12-8(10)11;1-5(2,3)4/h1-7,9H2,(H4,10,11,12);(H2,1,2,3,4)",2-(7-aminoheptyl)guanidine;sulfuric acid,0,https://www.selleckchem.com/
OS(=O)(=O)Oc1c[nH]c2c1cccc2,Indoxyl sulfate,10258,"1S/C8H7NO4S/c10-14(11,12)13-8-5-9-7-4-2-1-3-6(7)8/h1-5,9H,(H,10,11,12)",1H-indol-3-yl hydrogen sulfate,1,https://pubmed.ncbi.nlm.nih.gov/27843201/
S,Hydrogen sulfide,402,1S/H2S/h1H2,sulfane,1,https://pubmed.ncbi.nlm.nih.gov/32566074/
S=C1NCCN1,Ethylene thiourea,2723650,"1S/C3H6N2S/c6-3-4-1-2-5-3/h1-2H2,(H2,4,5,6)",imidazolidine-2-thione,1,https://pubmed.ncbi.nlm.nih.gov/12637971/
